1;а;а;CCONJ ;_;_;_;_;_;@mvs1985m-words#@mvs1985m#0.0#0.346
2;как;как;ADV;_;Degree=Pos;_;_;_;@mvs1985m-words#@mvs1985m#0.346#0.692
3;так;так;ADV;_;Degree=Pos;_;_;_;@mvs1985m-words#@mvs1985m#0.692#1.038
4;получилось;получиться;VERB;_;Aspect=Perf|Gender=Neut|Mood=Ind|Number=Sing|Tense=Past|VerbForm=Fin|Voice=Mid;_;_;_;@mvs1985m-words#@mvs1985m#1.038#1.384
5;што;что;SCONJ;_;_;_;_;_;@mvs1985m-words#@mvs1985m#1.384#1.73
6;власть;власть;NOUN;_;Animacy=Inan|Case=Nom|Gender=Fem|Number=Sing;_;_;_;@mvs1985m-words#@mvs1985m#1.73#2.076
7;не;не;PART;_;_;_;_;_;@mvs1985m-words#@mvs1985m#2.076#2.422
8;подготовила;подготовить;VERB;_;Aspect=Perf|Gender=Fem|Mood=Ind|Number=Sing|Tense=Past|VerbForm=Fin|Voice=Act;_;_;_;@mvs1985m-words#@mvs1985m#2.422#2.768
9;себе;себя;PRON;_;Case=Dat;_;_;_;@mvs1985m-words#@mvs1985m#2.768#3.114
10;никакого;никакой;DET;_;Case=Gen|Gender=Masc|Number=Sing;_;_;_;@mvs1985m-words#@mvs1985m#3.114#3.46
11;приемника;приемник;NOUN;_;Animacy=Anim|Case=Gen|Gender=Masc|Number=Sing;_;_;_;@mvs1985m-words#@mvs1985m#3.46#3.81
12;и;и;CCONJ;_;_;_;_;_;@mvs1985m-words#@mvs1985m#3.926#4.437
13;вообще;вообще;ADV;_;Degree=Pos;_;_;_;@mvs1985m-words#@mvs1985m#4.437#4.948
14;каких-либо;какой-либо;DET;_;Case=Gen|Number=Plur;_;_;_;@mvs1985m-words#@mvs1985m#4.948#5.459
15;эээ;эээ;INTJ;_;_;_;_;_;@mvs1985m-words#@mvs1985m#5.459#5.97
16;каких-либо;какой-либо;DET;_;Case=Gen|Number=Plur;_;_;_;@mvs1985m-words#@mvs1985m#5.97#6.481
17;ходов;ход;NOUN;_;Animacy=Inan|Case=Gen|Gender=Masc|Number=Plur;_;_;_;@mvs1985m-words#@mvs1985m#6.481#6.992
18;каких-либо;какой-либо;DET;_;Case=Gen|Number=Plur;_;_;_;@mvs1985m-words#@mvs1985m#6.992#7.503
19;для;для;ADP;_;_;_;_;_;@mvs1985m-words#@mvs1985m#7.503#8.014
20;смены;смена;NOUN;_;Animacy=Inan|Case=Gen|Gender=Fem|Number=Sing;_;_;_;@mvs1985m-words#@mvs1985m#8.014#8.525
21;например;например;ADV;_;Degree=Pos;_;_;_;@mvs1985m-words#@mvs1985m#8.525#9.036
22;лиц;лицо;NOUN;_;Animacy=Anim|Case=Gen|Gender=Neut|Number=Plur;_;_;_;@mvs1985m-words#@mvs1985m#9.036#9.547
23;там;там;ADV;_;Degree=Pos;_;_;_;@mvs1985m-words#@mvs1985m#9.547#10.058
24;нет;нет;PRED;_;_;_;_;_;@mvs1985m-words#@mvs1985m#10.058#10.569
25;вообще;вообще;ADV;_;Degree=Pos;_;_;_;@mvs1985m-words#@mvs1985m#10.569#11.084
26;?;?;PUNCT;_;_;_;_;_;@mvs1985m-words#@mvs1985m#11.084#12.000
27;а;а;CCONJ;_;_;_;_;_;@mvs1985m-words#@mvs1985m#13.105#13.341
28;скока;сколько;NUM;_;_;_;_;_;@mvs1985m-words#@mvs1985m#13.341#13.577
29;ж;же;PART;_;_;_;_;_;@mvs1985m-words#@mvs1985m#13.577#13.813
30;восемнадцать;восемнадцать;NUM;_;Case=Acc;_;_;_;@mvs1985m-words#@mvs1985m#13.813#14.049
31;лет;год;NOUN;_;Animacy=Inan|Case=Gen|Gender=Masc|Number=Plur;_;_;_;@mvs1985m-words#@mvs1985m#14.049#14.285
32;погождаем;ждать;VERB;_;Aspect=Imp|Mood=Ind|Number=Plur|Person=1|Tense=Pres|VerbForm=Fin|Voice=Act;_;_;_;@mvs1985m-words#@mvs1985m#14.285#14.526
33;не;не;PART;_;_;_;_;_;@mvs1985m-words#@mvs1985m#19.0#19.154
34;а;а;CCONJ;_;_;_;_;_;@mvs1985m-words#@mvs1985m#19.154#19.308
35;я;я;PRON;_;Case=Nom|Number=Sing|Person=1;_;_;_;@mvs1985m-words#@mvs1985m#19.308#19.462
36;не;не;PART;_;_;_;_;_;@mvs1985m-words#@mvs1985m#19.462#19.616
37;тока;только;PART;_;_;_;_;_;@mvs1985m-words#@mvs1985m#19.616#19.77
38;про;про;ADP;_;_;_;_;_;@mvs1985m-words#@mvs1985m#19.77#19.924
39;первое;первый;ADJ;_;Case=Acc|Degree=Pos|Gender=Neut|Number=Sing;_;_;_;@mvs1985m-words#@mvs1985m#19.924#20.078
40;лицо;лицо;NOUN;_;Animacy=Inan|Case=Acc|Gender=Neut|Number=Sing;_;_;_;@mvs1985m-words#@mvs1985m#20.078#20.232
41;я;я;PRON;_;Case=Nom|Number=Sing|Person=1;_;_;_;@mvs1985m-words#@mvs1985m#20.232#20.386
42;имею;иметь;VERB;_;Aspect=Imp|Mood=Ind|Number=Sing|Person=1|Tense=Pres|VerbForm=Fin|Voice=Act;_;_;_;@mvs1985m-words#@mvs1985m#20.386#20.54
43;в;в;ADP;_;_;_;_;_;@mvs1985m-words#@mvs1985m#20.54#20.694
44;виду;вид;NOUN;_;Animacy=Inan|Case=Loc|Gender=Masc|Number=Sing;_;_;_;@mvs1985m-words#@mvs1985m#20.694#20.848
45;в;в;ADP;_;_;_;_;_;@mvs1985m-words#@mvs1985m#20.848#21.002
46;том;тот;DET;_;Case=Loc|Gender=Neut|Number=Sing;_;_;_;@mvs1985m-words#@mvs1985m#21.002#21.156
47;числе;число;NOUN;_;Animacy=Inan|Case=Loc|Gender=Neut|Number=Sing;_;_;_;@mvs1985m-words#@mvs1985m#21.156#21.31
48;и;и;PART;_;_;_;_;_;@mvs1985m-words#@mvs1985m#21.31#21.464
49;про;про;ADP;_;_;_;_;_;@mvs1985m-words#@mvs1985m#21.464#21.618
50;свиту;свита;NOUN;_;Animacy=Inan|Case=Acc|Gender=Fem|Number=Sing;_;_;_;@mvs1985m-words#@mvs1985m#21.618#21.772
51;они;они;PRON;_;Case=Nom|Number=Plur|Person=3;_;_;_;@mvs1985m-words#@mvs1985m#21.772#21.926
52;ж;же;PART;_;_;_;_;_;@mvs1985m-words#@mvs1985m#21.926#22.08
53;ротируют;ротировать;VERB;_;Aspect=Imp|Mood=Ind|Number=Plur|Person=3|Tense=Pres|VerbForm=Fin|Voice=Act;_;_;_;@mvs1985m-words#@mvs1985m#22.08#22.234
54;одних;один;DET;_;Case=Gen|Degree=Pos|Number=Plur;_;_;_;@mvs1985m-words#@mvs1985m#22.234#22.388
55;и;и;CCONJ;_;_;_;_;_;@mvs1985m-words#@mvs1985m#22.388#22.542
56;тех;тот;DET;_;Case=Gen|Number=Plur;_;_;_;@mvs1985m-words#@mvs1985m#22.542#22.696
57;же;же;PART;_;_;_;_;_;@mvs1985m-words#@mvs1985m#22.696#22.85
58;людей;человек;NOUN;_;Animacy=Anim|Case=Gen|Gender=Masc|Number=Plur;_;_;_;@mvs1985m-words#@mvs1985m#22.85#23.004
59;тридцать;тридцать;NUM;_;Case=Gen;_;_;_;@mvs1985m-words#@mvs1985m#23.004#23.158
60;лет;год;NOUN;_;Animacy=Inan|Case=Gen|Gender=Masc|Number=Plur;_;_;_;@mvs1985m-words#@mvs1985m#23.158#23.312
61;одни;один;DET;_;Case=Nom|Degree=Pos|Number=Plur;_;_;_;@mvs1985m-words#@mvs1985m#23.312#23.466
62;и;и;CCONJ;_;_;_;_;_;@mvs1985m-words#@mvs1985m#23.466#23.62
63;те;тот;DET;_;Case=Nom|Number=Plur;_;_;_;@mvs1985m-words#@mvs1985m#23.62#23.774
64;же;же;PART;_;_;_;_;_;@mvs1985m-words#@mvs1985m#23.774#23.928
65;люди;человек;NOUN;_;Animacy=Anim|Case=Nom|Gender=Masc|Number=Plur;_;_;_;@mvs1985m-words#@mvs1985m#23.928#24.094
66;я;я;PRON;_;Case=Nom|Number=Sing|Person=1;_;_;_;@mvs1985m-words#@mvs1985m#27.0#27.189
67;у;у;ADP;_;_;_;_;_;@mvs1985m-words#@mvs1985m#27.189#27.378
68;вас;вы;PRON;_;Case=Gen|Number=Plur|Person=2;_;_;_;@mvs1985m-words#@mvs1985m#27.378#27.567
69;спрашиваю;спрашивать;VERB;_;Aspect=Imp|Mood=Ind|Number=Sing|Person=1|Tense=Pres|VerbForm=Fin|Voice=Act;_;_;_;@mvs1985m-words#@mvs1985m#27.567#27.757 
70;но;но;CCONJ;_;_;_;_;_;@mvs1985m-words#@mvs1985m#144.242#144.517
71;здесь;здесь;ADV;_;Degree=Pos;_;_;_;@mvs1985m-words#@mvs1985m#144.517#144.792
72;как;как;ADV;_;Degree=Pos;_;_;_;@mvs1985m-words#@mvs1985m#144.792#145.067
73;бы;бы;PART;_;_;_;_;_;@mvs1985m-words#@mvs1985m#145.067#145.342
74;мне;я;PRON;_;Case=Dat|Number=Sing|Person=1;_;_;_;@mvs1985m-words#@mvs1985m#145.342#145.617
75;кажется;казаться;VERB;_;Aspect=Imp|Mood=Ind|Number=Sing|Person=3|Tense=Pres|VerbForm=Fin|Voice=Mid;_;_;_;@mvs1985m-words#@mvs1985m#145.617#145.892
76;значительный;значительный;ADJ;_;Case=Nom|Degree=Pos|Gender=Masc|Number=Sing;_;_;_;@mvs1985m-words#@mvs1985m#145.892#146.167
77;нюанс;нюанс;NOUN;_;Animacy=Inan|Case=Nom|Gender=Masc|Number=Sing;_;_;_;@mvs1985m-words#@mvs1985m#146.167#146.442
78;в;в;ADP;_;_;_;_;_;@mvs1985m-words#@mvs1985m#146.442#146.717
79;том;тот;DET;_;Case=Loc|Gender=Masc|Number=Sing;_;_;_;@mvs1985m-words#@mvs1985m#146.717#146.992
80;што;что;SCONJ;_;_;_;_;_;@mvs1985m-words#@mvs1985m#146.992#147.267
81;они;они;PRON;_;Case=Nom|Number=Plur|Person=3;_;_;_;@mvs1985m-words#@mvs1985m#147.267#147.542
82;на;на;ADP;_;_;_;_;_;@mvs1985m-words#@mvs1985m#147.542#147.817
83;самом;самое;ADJ;_;Case=Loc|Degree=Pos|Gender=Neut|Number=Sing;_;_;_;@mvs1985m-words#@mvs1985m#147.817#148.092
84;деле;дело;NOUN;_;Animacy=Inan|Case=Loc|Gender=Neut|Number=Sing;_;_;_;@mvs1985m-words#@mvs1985m#148.092#148.367
85;все;все;DET;_;Case=Nom|Number=Plur;_;_;_;@mvs1985m-words#@mvs1985m#148.367#148.642
86;очень;очень;ADV;_;Degree=Pos;_;_;_;@mvs1985m-words#@mvs1985m#148.642#148.917
87;молодыми;молодой;ADJ;_;Case=Ins|Degree=Pos|Number=Plur;_;_;_;@mvs1985m-words#@mvs1985m#148.917#149.192
88;начали;начать;VERB;_;Aspect=Perf|Mood=Ind|Number=Plur|Tense=Past|VerbForm=Fin|Voice=Act;_;_;_;@mvs1985m-words#@mvs1985m#149.192#149.467
89;именно;именно;PART;_;_;_;_;_;@mvs1985m-words#@mvs1985m#149.467#149.742
90;поэтому;поэтому;ADV;_;Degree=Pos;_;_;_;@mvs1985m-words#@mvs1985m#149.742#150.017
91;нам;мы;PRON;_;Case=Dat|Number=Plur|Person=1;_;_;_;@mvs1985m-words#@mvs1985m#150.017#150.292
92;кажется;казаться;VERB;_;Aspect=Imp|Mood=Ind|Number=Sing|Person=3|Tense=Pres|VerbForm=Fin|Voice=Mid;_;_;_;@mvs1985m-words#@mvs1985m#150.292#150.567
93;будто;будто;SCONJ;_;_;_;_;_;@mvs1985m-words#@mvs1985m#150.567#150.842
94;это;это;PRON;_;Animacy=Inan|Case=Nom|Gender=Neut|Number=Sing;_;_;_;@mvs1985m-words#@mvs1985m#150.842#151.117
95;ещё;еще;ADV;_;Degree=Pos;_;_;_;@mvs1985m-words#@mvs1985m#151.117#151.392
96;терпимо;терпимый;ADJ;_;Degree=Pos|Gender=Neut|Number=Sing|Variant=Short;_;_;_;@mvs1985m-words#@mvs1985m#151.392#151.667
97;65;65;NUM;_;_;_;_;_;@mvs1985m-words#@mvs1985m#151.667#151.942
98;лет;год;NOUN;_;Animacy=Inan|Case=Gen|Gender=Masc|Number=Plur;_;_;_;@mvs1985m-words#@mvs1985m#151.942#152.217
99;поднимались;подниматься;VERB;_;Aspect=Perf|Mood=Ind|Number=Plur|Tense=Past|VerbForm=Fin|Voice=Mid;_;_;_;@mvs1985m-words#@mvs1985m#152.217#152.492
100;по;по;ADP;_;_;_;_;_;@mvs1985m-words#@mvs1985m#152.492#152.767
101;иерархии;иерархия;NOUN;_;Animacy=Inan|Case=Gen|Gender=Fem|Number=Sing;_;_;_;@mvs1985m-words#@mvs1985m#152.767#153.042
102;...;...;PUNCT;_;_;_;_;_;@mvs1985m-words#@mvs1985m#153.043#153.5
103;хорошо;хорошо;ADV;_;Degree=Pos;_;_;_;@mvs1985m-words#@mvs1985m#155.01#155.217
104;60;60;NUM;_;_;_;_;_;@mvs1985m-words#@mvs1985m#155.217#155.424
105;так;так;ADV;_;Degree=Pos;_;_;_;@mvs1985m-words#@mvs1985m#155.424#155.631
106;или;или;CCONJ;_;_;_;_;_;@mvs1985m-words#@mvs1985m#155.631#155.838
107;иначе;иначе;ADV;_;Degree=Pos;_;_;_;@mvs1985m-words#@mvs1985m#155.838#156.045
108;всё;все;PRON;_;Animacy=Inan|Case=Nom|Gender=Neut|Number=Sing;_;_;_;@mvs1985m-words#@mvs1985m#156.045#156.252
109;равно;равный;ADJ;_;Degree=Pos|Gender=Neut|Number=Sing|Variant=Short;_;_;_;@mvs1985m-words#@mvs1985m#156.252#156.459
110;это;это;PRON;_;Animacy=Inan|Case=Nom|Gender=Neut|Number=Sing;_;_;_;@mvs1985m-words#@mvs1985m#156.459#156.666
111;все;весь;DET;_;Case=Nom|Gender=Neut|Number=Sing;_;_;_;@mvs1985m-words#@mvs1985m#156.666#156.873
112;те;тот;DET;_;Case=Nom|Number=Plur;_;_;_;@mvs1985m-words#@mvs1985m#156.873#157.08
113;же;же;PART;_;_;_;_;_;@mvs1985m-words#@mvs1985m#157.08#157.287
114;самые;самый;ADJ;_;Case=Nom|Degree=Pos|Number=Plur;_;_;_;@mvs1985m-words#@mvs1985m#157.287#157.494
115;люди;человек;NOUN;_;Animacy=Anim|Case=Nom|Gender=Masc|Number=Plur;_;_;_;@mvs1985m-words#@mvs1985m#157.494#157.701
116;который;который;PRON;_;Case=Nom;_;_;_;@mvs1985m-words#@mvs1985m#157.701#157.908
117;были;быть;AUX;_;Aspect=Imp|Mood=Ind|Number=Plur|Tense=Past|VerbForm=Fin|Voice=Act;_;_;_;@mvs1985m-words#@mvs1985m#157.908#158.115
118;у;у;ADP;_;_;_;_;_;@mvs1985m-words#@mvs1985m#158.115#158.322
119;...;...;PUNCT;_;_;_;_;_;@mvs1985m-words#@mvs1985m#158.322#158.333
120;правили;править;VERB;_;Aspect=Perf|Mood=Ind|Number=Plur|Tense=Past|VerbForm=Fin|Voice=Act;_;_;_;@mvs1985m-words#@mvs1985m#158.322#158.529
121;россией;россия;NOUN;_;Animacy=Inan|Case=Ins|Gender=Fem|Number=Sing;_;_;_;@mvs1985m-words#@mvs1985m#158.529#158.736
122;20;20;NUM;_;_;_;_;_;@mvs1985m-words#@mvs1985m#158.736#158.943
123;лет;год;NOUN;_;Animacy=Inan|Case=Gen|Gender=Masc|Number=Plur;_;_;_;@mvs1985m-words#@mvs1985m#158.943#159.15
124;назад;назад;ADV;_;Degree=Pos;_;_;_;@mvs1985m-words#@mvs1985m#159.15#159.357
125;просто;просто;PART;_;_;_;_;_;@mvs1985m-words#@mvs1985m#159.357#159.564
126;они;они;PRON;_;Case=Nom|Number=Plur|Person=3;_;_;_;@mvs1985m-words#@mvs1985m#159.564#159.771
127;начали;начать;VERB;_;Aspect=Perf|Mood=Ind|Number=Plur|Tense=Past|VerbForm=Fin|Voice=Act;_;_;_;@mvs1985m-words#@mvs1985m#159.771#159.978
128;молодыми;молодой;ADJ;_;Case=Ins|Degree=Pos|Number=Plur;_;_;_;@mvs1985m-words#@mvs1985m#159.978#160.2
129;оо;оо;INTJ;_;_;_;_;_;@mvs1985m-words#@mvs1985m#181.147#181.284
130;ээ;ээ;INTJ;_;_;_;_;_;@mvs1985m-words#@mvs1985m#181.284#181.421
131;об;о;ADP;_;_;_;_;_;@mvs1985m-words#@mvs1985m#181.421#181.558
132;этом;этот;PRON;_;Animacy=Inan|Case=Loc|Gender=Neut|Number=Sing;_;_;_;@mvs1985m-words#@mvs1985m#181.558#181.695
133;зрители;зритель;NOUN;_;Animacy=Anim|Case=Nom|Gender=Masc|Number=Plur;_;_;_;@mvs1985m-words#@mvs1985m#181.695#181.832
134;моего;мой;DET;_;Case=Gen|Gender=Masc|Number=Sing;_;_;_;@mvs1985m-words#@mvs1985m#181.832#181.969
135;канала;канал;NOUN;_;Animacy=Inan|Case=Gen|Gender=Masc|Number=Sing;_;_;_;@mvs1985m-words#@mvs1985m#181.969#182.106
136;уже;уже;ADV;_;Degree=Pos;_;_;_;@mvs1985m-words#@mvs1985m#182.106#182.243
137;догадались;догадаться;VERB;_;Aspect=Perf|Mood=Ind|Number=Plur|Tense=Past|VerbForm=Fin|Voice=Mid;_;_;_;@mvs1985m-words#@mvs1985m#182.243#182.38
138;хорошо;хорошо;ADV;_;Degree=Pos;_;_;_;@mvs1985m-words#@mvs1985m#182.38#182.526
139;а;а;CCONJ;_;_;_;_;_;@mvs1985m-words#@mvs1985m#220.147#220.331
140;он;он;PRON;_;Case=Nom|Gender=Masc|Number=Sing|Person=3;_;_;_;@mvs1985m-words#@mvs1985m#220.331#220.515
141;наоборот;наоборот;ADV;_;Degree=Pos;_;_;_;@mvs1985m-words#@mvs1985m#220.515#220.699
142;путинская;путинский;ADJ;_;Case=Nom|Degree=Pos|Gender=Fem|Number=Sing;_;_;_;@mvs1985m-words#@mvs1985m#220.699#220.883
143;стабильность;стабильность;NOUN;_;Animacy=Inan|Case=Nom|Gender=Fem|Number=Sing;_;_;_;@mvs1985m-words#@mvs1985m#220.883#221.067
144;мы;мы;PRON;_;Case=Nom|Number=Plur|Person=1;_;_;_;@mvs1985m-words#@mvs1985m#221.067#221.251
145;до;до;ADP;_;_;_;_;_;@mvs1985m-words#@mvs1985m#221.251#221.435
146;сих;сей;DET;_;Case=Gen|Number=Plur;_;_;_;@mvs1985m-words#@mvs1985m#221.435#221.619
147;пор;пора;NOUN;_;Animacy=Inan|Case=Gen|Gender=Fem|Number=Plur;_;_;_;@mvs1985m-words#@mvs1985m#221.619#221.803
148;его;он;PRON;_;Case=Acc|Gender=Neut|Number=Sing|Person=3;_;_;_;@mvs1985m-words#@mvs1985m#221.803#221.987
149;так;так;ADV;_;Degree=Pos;_;_;_;@mvs1985m-words#@mvs1985m#221.987#222.171
150;и;и;PART;_;_;_;_;_;@mvs1985m-words#@mvs1985m#222.171#222.355
151;воспринимаем;воспринимать;VERB;_;Aspect=Imp|Mood=Ind|Number=Plur|Person=1|Tense=Pres|VerbForm=Fin|Voice=Act;_;_;_;@mvs1985m-words#@mvs1985m#222.355#222.547
152;а;а;CCONJ;_;_;_;_;_;@mvs1985m-words#@mvs1985m#232.263#232.596
153;дак;так;ADV;_;Degree=Pos;_;_;_;@mvs1985m-words#@mvs1985m#232.596#232.929
154;это;это;PRON;_;Animacy=Inan|Case=Nom|Gender=Neut|Number=Sing;_;_;_;@mvs1985m-words#@mvs1985m#232.929#233.262
155;не;не;PART;_;_;_;_;_;@mvs1985m-words#@mvs1985m#233.262#233.595
156;проблема;проблема;NOUN;_;Animacy=Inan|Case=Nom|Gender=Fem|Number=Sing;_;_;_;@mvs1985m-words#@mvs1985m#233.595#233.928
157;это;это;PRON;_;Animacy=Inan|Case=Nom|Gender=Neut|Number=Sing;_;_;_;@mvs1985m-words#@mvs1985m#233.928#234.261
158;была;быть;AUX;_;Aspect=Imp|Gender=Fem|Mood=Ind|Number=Sing|Tense=Past|VerbForm=Fin|Voice=Act;_;_;_;@mvs1985m-words#@mvs1985m#234.261#234.594
159;сознательная;сознательный;ADJ;_;Case=Nom|Degree=Pos|Gender=Fem|Number=Sing;_;_;_;@mvs1985m-words#@mvs1985m#234.594#234.927
160;политика;политика;NOUN;_;Animacy=Inan|Case=Nom|Gender=Fem|Number=Sing;_;_;_;@mvs1985m-words#@mvs1985m#234.927#235.26
161;властей;власть;NOUN;_;Animacy=Inan|Case=Gen|Gender=Fem|Number=Plur;_;_;_;@mvs1985m-words#@mvs1985m#235.26#235.593
162;вот;вот;PART;_;_;_;_;_;@mvs1985m-words#@mvs1985m#235.593#235.926
163;на;на;ADP;_;_;_;_;_;@mvs1985m-words#@mvs1985m#235.926#236.259
164;протяжении;протяжение;NOUN;_;Animacy=Inan|Case=Loc|Gender=Neut|Number=Sing;_;_;_;@mvs1985m-words#@mvs1985m#236.259#236.592
165;всех;весь;DET;_;Case=Gen|Number=Plur;_;_;_;@mvs1985m-words#@mvs1985m#236.592#236.925
166;20;20;NUM;_;_;_;_;_;@mvs1985m-words#@mvs1985m#236.925#237.258
167;путинских;путинский;ADJ;_;Case=Gen|Degree=Pos|Gender=Masc|Number=Plur;_;_;_;@mvs1985m-words#@mvs1985m#237.258#237.591
168;лет;год;NOUN;_;Animacy=Inan|Case=Gen|Gender=Masc|Number=Plur;_;_;_;@mvs1985m-words#@mvs1985m#237.591#237.936
169;аа;а;СCONJ;_;_;_;_;_;@mvs1985m-words#@mvs1985m#254.094#254.494
170;они;они;PRON;_;Case=Nom|Number=Plur|Person=3;_;_;_;@mvs1985m-words#@mvs1985m#254.494#254.894
171;не;не;PART;_;_;_;_;_;@mvs1985m-words#@mvs1985m#254.894#255.294
172;взрастили;взрастить;VERB;_;Aspect=Perf|Mood=Ind|Number=Plur|Tense=Past|VerbForm=Fin|Voice=Act;_;_;_;@mvs1985m-words#@mvs1985m#255.294#255.694
173;конкурентноспособную;конкурентноспособный;ADJ;_;Case=Acc|Degree=Pos|Gender=Fem|Number=Sing;_;_;_;@mvs1985m-words#@mvs1985m#255.694#256.094
174;себе;себя;PRON;_;Case=Dat;_;_;_;@mvs1985m-words#@mvs1985m#256.094#256.494
175;смену;смена;NOUN;_;Animacy=Inan|Case=Acc|Gender=Fem|Number=Sing;_;_;_;@mvs1985m-words#@mvs1985m#256.494#256.894
176;она;она;PRON;_;Case=Nom|Gender=Fem|Number=Sing|Person=3;_;_;_;@mvs1985m-words#@mvs1985m#257.305#257.586
177;не;не;PART;_;_;_;_;_;@mvs1985m-words#@mvs1985m#257.586#257.867
178;может;мочь;VERB;_;Aspect=Imp|Mood=Ind|Number=Sing|Person=3|Tense=Pres|VerbForm=Fin|Voice=Act;_;_;_;@mvs1985m-words#@mvs1985m#257.867#258.148
179;выиг...;выиграть ;NOUN;_;Aspect=Perf|VerbForm=Inf|Voice=Act;_;_;_;@mvs1985m-words#@mvs1985m#258.148#258.431
180;да;да;PART;_;_;_;_;_;@mvs1985m-words#@mvs1985m#259.621#259.747
181;создать;создать;VERB;_;Aspect=Perf|VerbForm=Inf|Voice=Act;_;_;_;@mvs1985m-words#@mvs1985m#262.126#262.415
182;условия;условие;NOUN;_;Animacy=Inan|Case=Acc|Gender=Neut|Number=Plur;_;_;_;@mvs1985m-words#@mvs1985m#262.415#262.705
183;ааа;а;СCONJ;_;_;_;_;_;@mvs1985m-words#@mvs1985m#282.589#282.948
184;в;в;ADP;_;_;_;_;_;@mvs1985m-words#@mvs1985m#282.948#283.307
185;связи;связь;NOUN;_;Animacy=Inan|Case=Loc|Gender=Fem|Number=Sing;_;_;_;@mvs1985m-words#@mvs1985m#283.307#283.666
186;с;с;ADP;_;_;_;_;_;@mvs1985m-words#@mvs1985m#283.666#284.025
187;этим;это;PRON;_;Animacy=Inan|Case=Ins|Gender=Neut|Number=Sing;_;_;_;@mvs1985m-words#@mvs1985m#284.025#284.384
188;не;не;PART;_;_;_;_;_;@mvs1985m-words#@mvs1985m#284.384#284.743
189;поздно;поздно;ADV;_;Degree=Pos;_;_;_;@mvs1985m-words#@mvs1985m#284.743#285.102
190;ли;ли;PART;_;_;_;_;_;@mvs1985m-words#@mvs1985m#285.102#285.461
191;ли;ли;PART;_;_;_;_;_;@mvs1985m-words#@mvs1985m#285.461#285.82
192;вообще;вообще;ADV;_;Degree=Pos;_;_;_;@mvs1985m-words#@mvs1985m#285.82#286.179
193;проводить;проводить;VERB;_;Aspect=Imp|VerbForm=Inf|Voice=Act;_;_;_;@mvs1985m-words#@mvs1985m#286.179#286.538
194;какую-либо;какой-либо;DET;_;Case=Acc|Gender=Fem|Number=Sing;_;_;_;@mvs1985m-words#@mvs1985m#286.538#286.897
195;либерализацию;либерализация;NOUN;_;Animacy=Inan|Case=Acc|Gender=Fem|Number=Sing;_;_;_;@mvs1985m-words#@mvs1985m#286.897#287.256
196;законодательства;законодательство;NOUN;_;Animacy=Inan|Case=Gen|Gender=Neut|Number=Sing;_;_;_;@mvs1985m-words#@mvs1985m#287.256#287.615
197;о;о;ADP;_;_;_;_;_;@mvs1985m-words#@mvs1985m#287.615#287.974
198;митингах;митинг;NOUN;_;Animacy=Inan|Case=Loc|Gender=Masc|Number=Plur;_;_;_;@mvs1985m-words#@mvs1985m#287.974#288.336
199;вот;вот;PART;_;_;_;_;_;@mvs1985m-words#@mvs1985m#288.336#288.498
200;то;то;DET;_;Case=Acc|Gender=Neut|Number=Sing;_;_;_;@mvs1985m-words#@mvs1985m#288.498#288.66
201;што;что;SCONJ;_;_;_;_;_;@mvs1985m-words#@mvs1985m#288.66#288.822
202;вы;вы;PRON;_;Case=Nom|Number=Plur|Person=2;_;_;_;@mvs1985m-words#@mvs1985m#288.822#288.984
203;говорили;говорить;VERB;_;Aspect=Imp|Mood=Ind|Number=Plur|Tense=Past|VerbForm=Fin|Voice=Act;_;_;_;@mvs1985m-words#@mvs1985m#288.984#289.147
204;да;да;PART;_;_;_;_;_;@mvs1985m-words#@mvs1985m#289.147#289.385
205;или;или;CCONJ;_;_;_;_;_;@mvs1985m-words#@mvs1985m#289.385#289.623
206;даже;даже;PART;_;_;_;_;_;@mvs1985m-words#@mvs1985m#289.623#289.861
207;законодательства;законодательство;NOUN;_;Animacy=Inan|Case=Gen|Gender=Neut|Number=Sing;_;_;_;@mvs1985m-words#@mvs1985m#289.861#290.099
208;о;о;ADP;_;_;_;_;_;@mvs1985m-words#@mvs1985m#290.099#290.337
209;выборах?;выборах?;SYM;_;_;_;_;_;@mvs1985m-words#@mvs1985m#290.337#290.578
210;потому;потому;ADV;_;Degree=Pos;_;_;_;@mvs1985m-words#@mvs1985m#290.578#290.812
211;што;что;SCONJ;_;_;_;_;_;@mvs1985m-words#@mvs1985m#290.812#291.046
212;как;как;SCONJ;_;_;_;_;_;@mvs1985m-words#@mvs1985m#291.046#291.28
213;только;только;PART;_;_;_;_;_;@mvs1985m-words#@mvs1985m#291.28#291.514
214;ты;ты;PRON;_;Case=Nom|Number=Sing|Person=2;_;_;_;@mvs1985m-words#@mvs1985m#291.514#291.748
215;это;это;PRON;_;Animacy=Inan|Case=Nom|Gender=Neut|Number=Sing;_;_;_;@mvs1985m-words#@mvs1985m#291.748#291.982
216;отпустишь;отпустить;VERB;_;Aspect=Imp|Mood=Ind|Number=Sing|Person=2|Tense=Pres|VerbForm=Fin|Voice=Act;_;_;_;@mvs1985m-words#@mvs1985m#291.982#292.221
217;это;это;PRON;_;Animacy=Inan|Case=Acc|Gender=Neut|Number=Sing;_;_;_;@mvs1985m-words#@mvs1985m#292.221#292.573
218;же;же;PART;_;_;_;_;_;@mvs1985m-words#@mvs1985m#292.573#292.925
219;всё;все;PART;_;_;_;_;_;@mvs1985m-words#@mvs1985m#292.925#293.277
220;сейчас;сейчас;ADV;_;Degree=Pos;_;_;_;@mvs1985m-words#@mvs1985m#293.277#293.631
221;нууу;нууу;INTJ;_;_;_;_;_;@mvs1985m-words#@mvs1985m#293.631#294.075
222;эффект;эффект;NOUN;_;Animacy=Inan|Case=Acc|Gender=Masc|Number=Sing;_;_;_;@mvs1985m-words#@mvs1985m#294.075#294.519
223;разорвавшейся;разорваться;VERB;_;Aspect=Perf|Case=Gen|Gender=Fem|Number=Sing|Tense=Past|VerbForm=Part|Voice=Mid;_;_;_;@mvs1985m-words#@mvs1985m#294.519#294.963
224;бомбы;бомба;NOUN;_;Animacy=Inan|Case=Gen|Gender=Fem|Number=Sing;_;_;_;@mvs1985m-words#@mvs1985m#294.963#295.407
225;просто;просто;PART;_;_;_;_;_;@mvs1985m-words#@mvs1985m#295.407#295.852
226;будет;быть;AUX;_;Aspect=Imp|Mood=Ind|Number=Sing|Person=3|Tense=Pres|VerbForm=Fin|Voice=Act;_;_;_;@mvs1985m-words#@mvs1985m#295.852#296.148
227;от;от;ADP;_;_;_;_;_;@mvs1985m-words#@mvs1985m#296.148#296.444
228;напряжения;напряжение;NOUN;_;Animacy=Inan|Case=Gen|Gender=Neut|Number=Sing;_;_;_;@mvs1985m-words#@mvs1985m#296.444#296.74
229;которое;который;PRON;_;Case=Nom;_;_;_;@mvs1985m-words#@mvs1985m#296.74#297.036
230;копилось;копиться;VERB;_;Aspect=Perf|Gender=Neut|Mood=Ind|Number=Sing|Tense=Past|VerbForm=Fin|Voice=Mid;_;_;_;@mvs1985m-words#@mvs1985m#297.036#297.332
231;всё;весь;DET;_;Case=Acc|Gender=Neut|Number=Sing;_;_;_;@mvs1985m-words#@mvs1985m#297.332#297.628
232;это;этот;DET;_;Case=Acc|Gender=Neut|Number=Sing;_;_;_;@mvs1985m-words#@mvs1985m#297.628#297.924
233;время;время;NOUN;_;Animacy=Inan|Case=Acc|Gender=Neut|Number=Sing;_;_;_;@mvs1985m-words#@mvs1985m#297.924#298.221
234;не;не;PART;_;_;_;_;_;@mvs1985m-words#@mvs1985m#299.936#300.136
235;будет;быть;AUX;_;Aspect=Imp|Mood=Ind|Number=Sing|Person=3|Tense=Pres|VerbForm=Fin|Voice=Act;_;_;_;@mvs1985m-words#@mvs1985m#300.136#300.336
236;ну;ну;PART;_;_;_;_;_;@emsh1978f-words#@emsh1978f#11.431#11.723
237;погодите;погодить;VERB;_;Aspect=Perf|Mood=Ind|Number=Plur|Person=2|Tense=Fut|VerbForm=Fin|Voice=Act;_;_;_;@emsh1978f-words#@emsh1978f#11.723#12.015
238;пока;пока;ADV;_;Degree=Pos;_;_;_;@emsh1978f-words#@emsh1978f#12.015#12.307
239;погодите;погодить;VERB;_;Aspect=Perf|Mood=Imp|Number=Plur|Person=2|VerbForm=Fin|Voice=Act;_;_;_;@emsh1978f-words#@emsh1978f#12.307#12.6
240;нет;нет;INTJ;_;_;_;_;_;@emsh1978f-words#@emsh1978f#14.989#15.578
241;до;до;ADP;_;_;_;_;_;@emsh1978f-words#@emsh1978f#15.757#16.298
242;двадцать;двадцать;NUM;_;Case=Acc;_;_;_;@emsh1978f-words#@emsh1978f#16.298#16.839
243;четвёртово;четвёртовый;NOUN;_;Animacy=Inan|Case=Acc|Gender=Neut|Number=Sing;_;_;_;@emsh1978f-words#@emsh1978f#16.839#17.38
244;года;год;NOUN;_;Animacy=Inan|Case=Gen|Gender=Masc|Number=Sing;_;_;_;@emsh1978f-words#@emsh1978f#17.38#17.921
245;можно;можно;ADV;_;Degree=Pos;_;_;_;@emsh1978f-words#@emsh1978f#17.921#18.462
246;сидеть;сидеть;VERB;_;Aspect=Imp|VerbForm=Inf|Voice=Act;_;_;_;@emsh1978f-words#@emsh1978f#18.462#19.003
247;иии;иии;СCONJ;_;_;_;_;_;@emsh1978f-words#@emsh1978f#19.003#19.547
248;ну;ну;PART;_;_;_;_;_;@emsh1978f-words#@emsh1978f#24.242#24.37
249;если;если;SCONJ;_;_;_;_;_;@emsh1978f-words#@emsh1978f#24.37#24.498
250;вы;вы;PRON;_;Case=Nom|Number=Plur|Person=2;_;_;_;@emsh1978f-words#@emsh1978f#24.498#24.626
251;их;они;PRON;_;Case=Gen|Number=Plur|Person=3;_;_;_;@emsh1978f-words#@emsh1978f#24.626#24.754
252;спросите;спросить;VERB;_;Aspect=Perf|Mood=Ind|Number=Plur|Person=2|Tense=Fut|VerbForm=Fin|Voice=Act;_;_;_;@emsh1978f-words#@emsh1978f#24.754#24.882
253;они;они;PRON;_;Case=Nom|Number=Plur|Person=3;_;_;_;@emsh1978f-words#@emsh1978f#24.882#25.01
254;скажут;сказать;VERB;_;Aspect=Perf|Mood=Ind|Number=Plur|Person=3|Tense=Fut|VerbForm=Fin|Voice=Act;_;_;_;@emsh1978f-words#@emsh1978f#25.01#25.138
255;што;что;SCONJ;_;_;_;_;_;@emsh1978f-words#@emsh1978f#25.138#25.266
256;это;это;PRON;_;Animacy=Inan|Case=Nom|Gender=Neut|Number=Sing;_;_;_;@emsh1978f-words#@emsh1978f#25.266#25.394
257;совершено;совершить;VERB;_;Aspect=Perf|Gender=Neut|Number=Sing|Tense=Past|Variant=Short|VerbForm=Part|Voice=Pass;_;_;_;@emsh1978f-words#@emsh1978f#25.394#25.522
258;не;не;PART;_;_;_;_;_;@emsh1978f-words#@emsh1978f#25.522#25.65
259;так;так;ADV;_;Degree=Pos;_;_;_;@emsh1978f-words#@emsh1978f#25.65#25.778
260;што;что;SCONJ;_;_;_;_;_;@emsh1978f-words#@emsh1978f#25.778#25.906
261;у;у;ADP;_;_;_;_;_;@emsh1978f-words#@emsh1978f#25.906#26.034
262;них;они;PRON;_;Case=Gen|Number=Plur|Person=3;_;_;_;@emsh1978f-words#@emsh1978f#26.034#26.162
263;не;не;PART;_;_;_;_;_;@emsh1978f-words#@emsh1978f#26.162#26.294
264;...;...;PUNCT;_;_;_;_;_;@emsh1978f-words#@emsh1978f#26.163#26.295
265;что;что;SCONJ;_;_;_;_;_;@emsh1978f-words#@emsh1978f#27.873#28.159
266;у;у;ADP;_;_;_;_;_;@emsh1978f-words#@emsh1978f#28.159#28.445
267;них;они;PRON;_;Case=Gen|Number=Plur|Person=3;_;_;_;@emsh1978f-words#@emsh1978f#28.445#28.731
268;ну;ну;PART;_;_;_;_;_;@emsh1978f-words#@emsh1978f#28.731#29.017
269;я;я;PRON;_;Case=Nom|Number=Sing|Person=1;_;_;_;@emsh1978f-words#@emsh1978f#29.017#29.303
270;как;как;ADV;_;Degree=Pos;_;_;_;@emsh1978f-words#@emsh1978f#29.303#29.589
271;бы;бы;PART;_;_;_;_;_;@emsh1978f-words#@emsh1978f#29.589#29.875
272;всегда;всегда;ADV;_;Degree=Pos;_;_;_;@emsh1978f-words#@emsh1978f#29.875#30.161
273;страюсь;страться;VERB;_;Aspect=Imp|Mood=Ind|Number=Sing|Person=1|Tense=Pres|VerbForm=Fin|Voice=Mid;_;_;_;@emsh1978f-words#@emsh1978f#30.161#30.447
274;смотреть;смотреть;VERB;_;Aspect=Imp|VerbForm=Inf|Voice=Act;_;_;_;@emsh1978f-words#@emsh1978f#30.447#30.733
275;на;на;ADP;_;_;_;_;_;@emsh1978f-words#@emsh1978f#30.733#31.019
276;ситуацию;ситуация;NOUN;_;Animacy=Inan|Case=Acc|Gender=Fem|Number=Sing;_;_;_;@emsh1978f-words#@emsh1978f#31.019#31.305
277;с;с;ADP;_;_;_;_;_;@emsh1978f-words#@emsh1978f#31.305#31.591
278;разных;разный;ADJ;_;Case=Gen|Degree=Pos|Number=Plur;_;_;_;@emsh1978f-words#@emsh1978f#31.591#31.877
279;точек;точка;NOUN;_;Animacy=Inan|Case=Gen|Gender=Fem|Number=Plur;_;_;_;@emsh1978f-words#@emsh1978f#31.877#32.163
280;зрений;зрение;NOUN;_;Animacy=Inan|Case=Gen|Gender=Neut|Number=Plur;_;_;_;@emsh1978f-words#@emsh1978f#32.163#32.449
281;и;и;CCONJ;_;_;_;_;_;@emsh1978f-words#@emsh1978f#32.449#32.735
282;как;как;SCONJ;_;_;_;_;_;@emsh1978f-words#@emsh1978f#32.735#33.021
283;эт;это;NOUN;_;Animacy=Inan|Case=Nom|Gender=Neut|Number=Sing;_;_;_;@emsh1978f-words#@emsh1978f#33.021#33.307
284;у;у;ADP;_;_;_;_;_;@emsh1978f-words#@emsh1978f#33.307#33.593
285;Честертона;Честертон;PROPN;_;Animacy=Anim|Case=Gen|Gender=Masc|Number=Sing;_;_;_;@emsh1978f-words#@emsh1978f#33.593#33.879
286;сделайте;делать;VERB;_;Aspect=Perf|Mood=Imp|Number=Plur|Person=2|VerbForm=Fin|Voice=Act;_;_;_;@emsh1978f-words#@emsh1978f#33.879#34.165
287;такое;такой;DET;_;Case=Acc|Gender=Neut|Number=Sing;_;_;_;@emsh1978f-words#@emsh1978f#34.165#34.451
288;выражение;выражение;NOUN;_;Animacy=Inan|Case=Acc|Gender=Neut|Number=Sing;_;_;_;@emsh1978f-words#@emsh1978f#34.451#34.737
289;лица;лицо;NOUN;_;Animacy=Inan|Case=Gen|Gender=Neut|Number=Sing;_;_;_;@emsh1978f-words#@emsh1978f#34.737#35.023
290;как;как;SCONJ;_;_;_;_;_;@emsh1978f-words#@emsh1978f#35.023#35.309
291;у;у;ADP;_;_;_;_;_;@emsh1978f-words#@emsh1978f#35.309#35.595
292;преступника;преступник;NOUN;_;Animacy=Anim|Case=Gen|Gender=Masc|Number=Sing;_;_;_;@emsh1978f-words#@emsh1978f#35.595#35.881
293;и;и;CCONJ;_;_;_;_;_;@emsh1978f-words#@emsh1978f#35.881#36.167
294;потом;потом;ADV;_;Degree=Pos;_;_;_;@emsh1978f-words#@emsh1978f#36.167#36.453
295;подождите;подождать;VERB;_;Aspect=Perf|Mood=Imp|Number=Plur|Person=2|VerbForm=Fin|Voice=Act;_;_;_;@emsh1978f-words#@emsh1978f#36.453#36.739
296;какие;какой;DET;_;Case=Nom|Number=Plur;_;_;_;@emsh1978f-words#@emsh1978f#36.739#37.025
297;мысли;мысль;NOUN;_;Animacy=Inan|Case=Nom|Gender=Fem|Number=Plur;_;_;_;@emsh1978f-words#@emsh1978f#37.025#37.311
298;придут;прийти;VERB;_;Aspect=Perf|Mood=Ind|Number=Plur|Person=3|Tense=Fut|VerbForm=Fin|Voice=Act;_;_;_;@emsh1978f-words#@emsh1978f#37.311#37.597
299;к;к;ADP;_;_;_;_;_;@emsh1978f-words#@emsh1978f#37.597#37.883
300;вам;вы;PRON;_;Case=Dat|Number=Plur|Person=2;_;_;_;@emsh1978f-words#@emsh1978f#37.883#38.169
301;в;в;ADP;_;_;_;_;_;@emsh1978f-words#@emsh1978f#38.169#38.455
302;голову;голова;NOUN;_;Animacy=Inan|Case=Acc|Gender=Fem|Number=Sing;_;_;_;@emsh1978f-words#@emsh1978f#38.455#38.778
303;я;я;PRON;_;Case=Nom|Number=Sing|Person=1;_;_;_;@emsh1978f-words#@emsh1978f#39.157#39.553
304;знаю;знать;VERB;_;Aspect=Imp|Mood=Ind|Number=Sing|Person=1|Tense=Pres|VerbForm=Fin|Voice=Act;_;_;_;@emsh1978f-words#@emsh1978f#39.553#39.949
305;примерно;примерно;ADV;_;Degree=Pos;_;_;_;@emsh1978f-words#@emsh1978f#39.949#40.345
306;какие;какой;DET;_;Case=Acc|Number=Plur;_;_;_;@emsh1978f-words#@emsh1978f#40.345#40.741
307;што;что;SCONJ;_;_;_;_;_;@emsh1978f-words#@emsh1978f#40.741#41.137
308;там;там;ADV;_;Degree=Pos;_;_;_;@emsh1978f-words#@emsh1978f#41.137#41.533
309;в;в;ADP;_;_;_;_;_;@emsh1978f-words#@emsh1978f#41.533#41.929
310;головах;голова;NOUN;_;Animacy=Inan|Case=Loc|Gender=Fem|Number=Plur;_;_;_;@emsh1978f-words#@emsh1978f#41.929#42.326
311;поэтому;поэтому;ADV;_;Degree=Pos;_;_;_;@emsh1978f-words#@emsh1978f#42.463#42.775
312;я;я;PRON;_;Case=Nom|Number=Sing|Person=1;_;_;_;@emsh1978f-words#@emsh1978f#42.775#43.087
313;преставляю;преставлять;VERB;_;Aspect=Imp|Mood=Ind|Number=Sing|Person=1|Tense=Pres|VerbForm=Fin|Voice=Act;_;_;_;@emsh1978f-words#@emsh1978f#43.087#43.399
314;как;как;SCONJ;_;_;_;_;_;@emsh1978f-words#@emsh1978f#43.399#43.711
315;картина;картина;NOUN;_;Animacy=Inan|Case=Nom|Gender=Fem|Number=Sing;_;_;_;@emsh1978f-words#@emsh1978f#43.711#44.023
316;выглядит;выглядеть;VERB;_;Aspect=Imp|Mood=Ind|Number=Sing|Person=3|Tense=Pres|VerbForm=Fin|Voice=Act;_;_;_;@emsh1978f-words#@emsh1978f#44.023#44.335
317;оттуда;оттуда;ADV;_;Degree=Pos;_;_;_;@emsh1978f-words#@emsh1978f#44.335#44.647
318;там;там;ADV;_;Degree=Pos;_;_;_;@emsh1978f-words#@emsh1978f#44.647#44.959
319;ж;же;PART;_;_;_;_;_;@emsh1978f-words#@emsh1978f#44.959#45.271
320;свой;свой;DET;_;Case=Acc|Gender=Masc|Number=Sing;_;_;_;@emsh1978f-words#@emsh1978f#45.271#45.583
321;информационый;информационый;ADJ;_;Animacy=Inan|Case=Acc|Degree=Pos|Gender=Masc|Number=Sing;_;_;_;@emsh1978f-words#@emsh1978f#45.583#45.895
322;пузырь;пузырь;NOUN;_;Animacy=Inan|Case=Acc|Gender=Masc|Number=Sing;_;_;_;@emsh1978f-words#@emsh1978f#45.895#46.207
323;понимаете;понимать;VERB;_;Aspect=Imp|Mood=Ind|Number=Plur|Person=2|Tense=Pres|VerbForm=Fin|Voice=Act;_;_;_;@emsh1978f-words#@emsh1978f#46.207#46.519
324;поэтому;поэтому;ADV;_;Degree=Pos;_;_;_;@emsh1978f-words#@emsh1978f#46.519#46.831
325;для;для;ADP;_;_;_;_;_;@emsh1978f-words#@emsh1978f#46.831#47.143
326;них;они;PRON;_;Case=Gen|Number=Plur|Person=3;_;_;_;@emsh1978f-words#@emsh1978f#47.143#47.455
327;картина;картина;NOUN;_;Animacy=Inan|Case=Nom|Gender=Fem|Number=Sing;_;_;_;@emsh1978f-words#@emsh1978f#47.455#47.767
328;мира;мир;NOUN;_;Animacy=Inan|Case=Gen|Gender=Masc|Number=Sing;_;_;_;@emsh1978f-words#@emsh1978f#47.767#48.079
329;совершено;совершить;ADV;_;Degree=Pos;_;_;_;@emsh1978f-words#@emsh1978f#48.079#48.391
330;может;мочь;VERB;_;Aspect=Imp|Mood=Ind|Number=Sing|Person=3|Tense=Pres|VerbForm=Fin|Voice=Act;_;_;_;@emsh1978f-words#@emsh1978f#48.391#48.703
331;быть;быть;AUX;_;Aspect=Imp|VerbForm=Inf|Voice=Act;_;_;_;@emsh1978f-words#@emsh1978f#48.703#49.015
332;другой;другой;ADJ;_;Case=Ins|Degree=Pos|Gender=Fem|Number=Sing;_;_;_;@emsh1978f-words#@emsh1978f#49.015#49.327
333;для;для;ADP;_;_;_;_;_;@emsh1978f-words#@emsh1978f#49.327#49.639
334;тех;тот;DET;_;Case=Gen|Number=Plur;_;_;_;@emsh1978f-words#@emsh1978f#49.639#49.951
335;кто;кто;PRON;_;Case=Nom;_;_;_;@emsh1978f-words#@emsh1978f#49.951#50.263
336;находится;находиться;VERB;_;Aspect=Imp|Mood=Ind|Number=Sing|Person=3|Tense=Pres|VerbForm=Fin|Voice=Mid;_;_;_;@emsh1978f-words#@emsh1978f#50.263#50.575
337;внутри;внутри;ADV;_;Degree=Pos;_;_;_;@emsh1978f-words#@emsh1978f#50.575#50.887
338;машины;машина;NOUN;_;Animacy=Inan|Case=Nom|Gender=Fem|Number=Plur;_;_;_;@emsh1978f-words#@emsh1978f#50.887#51.199
339;власти;власть;NOUN;_;Animacy=Inan|Case=Gen|Gender=Fem|Number=Sing;_;_;_;@emsh1978f-words#@emsh1978f#51.199#51.536
340;так;так;ADV;_;Degree=Pos;_;_;_;@emsh1978f-words#@emsh1978f#51.81#52.186
341;вот;вот;PART;_;_;_;_;_;@emsh1978f-words#@emsh1978f#52.186#52.562
342;они;они;PRON;_;Case=Nom|Number=Plur|Person=3;_;_;_;@emsh1978f-words#@emsh1978f#52.562#52.938
343;вам;вы;PRON;_;Case=Dat|Number=Plur|Person=2;_;_;_;@emsh1978f-words#@emsh1978f#52.938#53.314
344;скажут;сказать;VERB;_;Aspect=Perf|Mood=Ind|Number=Plur|Person=3|Tense=Fut|VerbForm=Fin|Voice=Act;_;_;_;@emsh1978f-words#@emsh1978f#53.314#53.69
345;што;что;SCONJ  ;_;_;_;_;_;@emsh1978f-words#@emsh1978f#53.69#54.066
346;у;у;ADP;_;_;_;_;_;@emsh1978f-words#@emsh1978f#54.066#54.442
347;нас;мы;PRON;_;Case=Gen|Number=Plur|Person=1;_;_;_;@emsh1978f-words#@emsh1978f#54.442#54.818
348;могучая;могучий;ADJ;_;Case=Nom|Degree=Pos|Gender=Fem|Number=Sing;_;_;_;@emsh1978f-words#@emsh1978f#54.818#55.194
349;ротация;ротация;NOUN;_;Animacy=Inan|Case=Nom|Gender=Fem|Number=Sing;_;_;_;@emsh1978f-words#@emsh1978f#55.194#55.57
350;обновление;обновление;NOUN;_;Animacy=Inan|Case=Nom|Gender=Neut|Number=Sing;_;_;_;@emsh1978f-words#@emsh1978f#55.57#55.946
351;у;у;ADP;_;_;_;_;_;@emsh1978f-words#@emsh1978f#55.946#56.322
352;нас;мы;PRON;_;Case=Gen|Number=Plur|Person=1;_;_;_;@emsh1978f-words#@emsh1978f#56.322#56.698
353;молодые;молодой;ADJ;_;Case=Nom|Degree=Pos|Number=Plur;_;_;_;@emsh1978f-words#@emsh1978f#56.698#57.074
354;губернаторы;губернатор;NOUN;_;Animacy=Anim|Case=Nom|Gender=Masc|Number=Plur;_;_;_;@emsh1978f-words#@emsh1978f#57.074#57.45
355;прекрасные;прекрасный;ADJ;_;Case=Nom|Degree=Pos|Number=Plur;_;_;_;@emsh1978f-words#@emsh1978f#57.45#57.826
356;наши;наш;DET;_;Case=Nom|Number=Plur;_;_;_;@emsh1978f-words#@emsh1978f#57.826#58.202
357;ненаглядные;ненаглядный;ADJ;_;Case=Nom|Degree=Pos|Number=Plur;_;_;_;@emsh1978f-words#@emsh1978f#58.202#58.578
358;технократы;технократ;NOUN;_;Animacy=Anim|Case=Nom|Gender=Masc|Number=Plur;_;_;_;@emsh1978f-words#@emsh1978f#58.578#58.968
359;у;у;ADP;_;_;_;_;_;@emsh1978f-words#@emsh1978f#59.094#59.416
360;нас;мы;PRON;_;Case=Gen|Number=Plur|Person=1;_;_;_;@emsh1978f-words#@emsh1978f#59.416#59.738
361;конкурс;конкурс;NOUN;_;Animacy=Inan|Case=Nom|Gender=Masc|Number=Sing;_;_;_;@emsh1978f-words#@emsh1978f#59.738#60.06
362;лидеры;лидер;NOUN;_;Animacy=Anim|Case=Nom|Gender=Masc|Number=Plur;_;_;_;@emsh1978f-words#@emsh1978f#60.06#60.382
363;россии;россия;NOUN;_;Animacy=Inan|Case=Gen|Gender=Fem|Number=Sing;_;_;_;@emsh1978f-words#@emsh1978f#60.382#60.704
364;в;в;ADP;_;_;_;_;_;@emsh1978f-words#@emsh1978f#60.704#61.026
365;котором;который;PRON;_;Case=Loc;_;_;_;@emsh1978f-words#@emsh1978f#61.026#61.348
366;двести;двести;NUM;_;Case=Nom;_;_;_;@emsh1978f-words#@emsh1978f#61.348#61.67
367;тыщ;тысяча;NOUN;_;Animacy=Inan|Case=Gen|Gender=Fem|Number=Plur;_;_;_;@emsh1978f-words#@emsh1978f#61.67#61.992
368;человек;человек;NOUN;_;Animacy=Anim|Case=Gen|Gender=Masc|Number=Plur;_;_;_;@emsh1978f-words#@emsh1978f#61.992#62.314
369;записалась;записать;VERB;_;Aspect=Imp|Gender=Fem|Mood=Ind|Number=Sing|Tense=Past|VerbForm=Fin|Voice=Mid;_;_;_;@emsh1978f-words#@emsh1978f#62.314#62.636
370;и;и;CCONJ;_;_;_;_;_;@emsh1978f-words#@emsh1978f#62.636#62.958
371;чёт;что-то;PRON;_;Case=Nom;_;_;_;@emsh1978f-words#@emsh1978f#62.958#63.28
372;там;там;ADV;_;Degree=Pos;_;_;_;@emsh1978f-words#@emsh1978f#63.28#63.602
373;прошло;пройти;VERB;_;Aspect=Perf|Gender=Neut|Mood=Ind|Number=Sing|Tense=Past|VerbForm=Fin|Voice=Act;_;_;_;@emsh1978f-words#@emsh1978f#63.602#63.924
374;и;и;CCONJ;_;_;_;_;_;@emsh1978f-words#@emsh1978f#63.924#64.246
375;даже;даже;PART;_;_;_;_;_;@emsh1978f-words#@emsh1978f#64.246#64.568
376;кого-то;кто-то;PRON;_;Case=Acc;_;_;_;@emsh1978f-words#@emsh1978f#64.568#64.89
377;назначили;назначить;VERB;_;Aspect=Perf|Mood=Ind|Number=Plur|Tense=Past|VerbForm=Fin|Voice=Act;_;_;_;@emsh1978f-words#@emsh1978f#64.89#65.212
378;заместителем;заместитель;NOUN;_;Animacy=Anim|Case=Ins|Gender=Masc|Number=Sing;_;_;_;@emsh1978f-words#@emsh1978f#65.212#65.534
379;министра;министр;NOUN;_;Animacy=Anim|Case=Gen|Gender=Masc|Number=Sing;_;_;_;@emsh1978f-words#@emsh1978f#65.534#65.863
380;у;у;ADP;_;_;_;_;_;@emsh1978f-words#@emsh1978f#66.2#66.566
381;нас;мы;PRON;_;Case=Gen|Number=Plur|Person=1;_;_;_;@emsh1978f-words#@emsh1978f#66.566#66.932
382;значт;значить;VERB;_;Aspect=Imp|Mood=Ind|Number=Sing|Person=3|Tense=Pres|VerbForm=Fin|Voice=Act;_;_;_;@emsh1978f-words#@emsh1978f#66.932#67.298
383;вот;вот;PART;_;_;_;_;_;@emsh1978f-words#@emsh1978f#67.298#67.664
384;обученье;обучение;NOUN;_;Animacy=Inan|Case=Nom|Gender=Neut|Number=Sing;_;_;_;@emsh1978f-words#@emsh1978f#67.664#68.03
385;будщих;будщий;ADJ;_;Case=Gen|Degree=Pos|Number=Plur;_;_;_;@emsh1978f-words#@emsh1978f#68.03#68.396
386;губернаторов;губернатор;NOUN;_;Animacy=Anim|Case=Gen|Gender=Masc|Number=Plur;_;_;_;@emsh1978f-words#@emsh1978f#68.396#68.762
387;в;в;ADP;_;_;_;_;_;@emsh1978f-words#@emsh1978f#68.762#69.128
388;ранхигс;ранхигс;NOUN;_;Animacy=Inan|Case=Acc|Gender=Masc|Number=Sing;_;_;_;@emsh1978f-words#@emsh1978f#69.128#69.494
389;плаванье;плавание;NOUN;_;Animacy=Inan|Case=Acc|Gender=Neut|Number=Sing;_;_;_;@emsh1978f-words#@emsh1978f#69.494#69.86
390;на;на;ADP;_;_;_;_;_;@emsh1978f-words#@emsh1978f#69.86#70.226
391;байдарках;байдарка;NOUN;_;Animacy=Inan|Case=Loc|Gender=Fem|Number=Plur;_;_;_;@emsh1978f-words#@emsh1978f#70.226#70.592
392;и;и;CCONJ;_;_;_;_;_;@emsh1978f-words#@emsh1978f#70.592#70.958
393;прочее;прочий;ADJ;_;Case=Nom|Degree=Pos|Gender=Neut|Number=Sing;_;_;_;@emsh1978f-words#@emsh1978f#70.958#71.336
394;значит;значить;VERB;_;Aspect=Imp|Mood=Ind|Number=Sing|Person=3|Tense=Pres|VerbForm=Fin|Voice=Act;_;_;_;@emsh1978f-words#@emsh1978f#71.463#71.752
395;как;как;SCONJ;_;_;_;_;_;@emsh1978f-words#@emsh1978f#71.752#72.041
396;это;это;PRON;_;Animacy=Inan|Case=Nom|Gender=Neut|Number=Sing;_;_;_;@emsh1978f-words#@emsh1978f#72.041#72.33
397;для;для;ADP;_;_;_;_;_;@emsh1978f-words#@emsh1978f#72.33#72.619
398;протокола;протокол;NOUN;_;Animacy=Inan|Case=Gen|Gender=Masc|Number=Sing;_;_;_;@emsh1978f-words#@emsh1978f#72.619#72.908
399;я;я;PRON;_;Case=Nom|Number=Sing|Person=1;_;_;_;@emsh1978f-words#@emsh1978f#72.908#73.197
400;в;в;ADP;_;_;_;_;_;@emsh1978f-words#@emsh1978f#73.197#73.486
401;этом;это;PRON;_;Animacy=Inan|Case=Loc|Gender=Neut|Number=Sing;_;_;_;@emsh1978f-words#@emsh1978f#73.486#73.775
402;не;не;PART;_;_;_;_;_;@emsh1978f-words#@emsh1978f#73.775#74.064
403;участвую;участвовать;VERB;_;Aspect=Imp|Mood=Ind|Number=Sing|Person=1|Tense=Pres|VerbForm=Fin|Voice=Act;_;_;_;@emsh1978f-words#@emsh1978f#74.064#74.353
404;академия;академия;NOUN;_;Animacy=Inan|Case=Nom|Gender=Fem|Number=Sing;_;_;_;@emsh1978f-words#@emsh1978f#74.353#74.642
405;велика;большой;ADJ;_;Degree=Pos|Gender=Fem|Number=Sing|Variant=Short;_;_;_;@emsh1978f-words#@emsh1978f#74.642#74.931
406;в;в;ADP;_;_;_;_;_;@emsh1978f-words#@emsh1978f#74.931#75.22
407;ней;она;PRON;_;Case=Loc|Gender=Fem|Number=Sing|Person=3;_;_;_;@emsh1978f-words#@emsh1978f#75.22#75.509
408;много;много;ADV;_;Degree=Pos;_;_;_;@emsh1978f-words#@emsh1978f#75.509#75.798
409;есть;быть;VERB;_;Aspect=Imp|Mood=Ind|Number=Sing|Person=3|Tense=Pres|VerbForm=Fin|Voice=Act;_;_;_;@emsh1978f-words#@emsh1978f#75.798#76.087
410;всяких;всякий;DET;_;Case=Gen|Number=Plur;_;_;_;@emsh1978f-words#@emsh1978f#76.087#76.376
411;подразделений;подразделение;NOUN;_;Animacy=Inan|Case=Gen|Gender=Neut|Number=Plur;_;_;_;@emsh1978f-words#@emsh1978f#76.376#76.665
412;я;я;PRON;_;Case=Nom|Number=Sing|Person=1;_;_;_;@emsh1978f-words#@emsh1978f#76.665#76.954
413;никакого;никакой;DET;_;Case=Gen|Gender=Neut|Number=Sing;_;_;_;@emsh1978f-words#@emsh1978f#76.954#77.243
414;отношения;отношение;NOUN;_;Animacy=Inan|Case=Gen|Gender=Neut|Number=Sing;_;_;_;@emsh1978f-words#@emsh1978f#77.243#77.532
415;к;к;ADP;_;_;_;_;_;@emsh1978f-words#@emsh1978f#77.532#77.821
416;этим;это;DET;_;Case=Dat|Number=Plur;_;_;_;@emsh1978f-words#@emsh1978f#77.821#78.11
417;всем;весь;DET;_;Case=Dat|Number=Plur;_;_;_;@emsh1978f-words#@emsh1978f#78.11#78.399
418;тренингам;тренинг;NOUN;_;Animacy=Inan|Case=Dat|Gender=Masc|Number=Plur;_;_;_;@emsh1978f-words#@emsh1978f#78.399#78.688
419;иии;и;СCONJ;_;_;_;_;_;@emsh1978f-words#@emsh1978f#78.688#78.977
420;тим;тим;NOUN;_;Animacy=Inan|Case=Dat|Gender=Neut|Number=Sing|Foreign=Yes;_;_;_;@emsh1978f-words#@emsh1978f#78.977#79.266
421;билдингам;билдинг;NOUN;_;Animacy=Inan|Case=Dat|Gender=Neut|Number=Plur|Foreign=Yes;_;_;_;@emsh1978f-words#@emsh1978f#79.266#79.555
422;и;и;CCONJ;_;_;_;_;_;@emsh1978f-words#@emsh1978f#79.555#79.844
423;прочим;прочий;ADJ;_;Case=Dat|Degree=Pos|Number=Plur;_;_;_;@emsh1978f-words#@emsh1978f#79.844#80.133
424;не;не;PART;_;_;_;_;_;@emsh1978f-words#@emsh1978f#80.133#80.422
425;имею;иметь;VERB;_;Aspect=Imp|Mood=Ind|Number=Sing|Person=1|Tense=Pres|VerbForm=Fin|Voice=Act;_;_;_;@emsh1978f-words#@emsh1978f#80.422#80.726
426;значит;значить;VERB;_;Aspect=Imp|Mood=Ind|Number=Sing|Person=3|Tense=Pres|VerbForm=Fin|Voice=Act;_;_;_;@emsh1978f-words#@emsh1978f#81.042#81.336
427;у;у;ADP;_;_;_;_;_;@emsh1978f-words#@emsh1978f#81.336#81.63
428;нас;мы;PRON;_;Case=Gen|Number=Plur|Person=1;_;_;_;@emsh1978f-words#@emsh1978f#81.63#81.924
429;госсовет;госсовет;NOUN;_;Animacy=Inan|Case=Acc|Gender=Masc|Number=Sing;_;_;_;@emsh1978f-words#@emsh1978f#81.924#82.218
430;в;в;ADP;_;_;_;_;_;@emsh1978f-words#@emsh1978f#82.218#82.512
431;новом;новый;ADJ;_;Case=Loc|Degree=Pos|Gender=Masc|Number=Sing;_;_;_;@emsh1978f-words#@emsh1978f#82.512#82.806
432;формате;формат;NOUN;_;Animacy=Inan|Case=Loc|Gender=Masc|Number=Sing;_;_;_;@emsh1978f-words#@emsh1978f#82.806#83.1
433;круглые;круглый;ADJ;_;Animacy=Inan|Case=Acc|Degree=Pos|Number=Plur;_;_;_;@emsh1978f-words#@emsh1978f#83.1#83.394
434;столы;стол;NOUN;_;Animacy=Inan|Case=Acc|Gender=Masc|Number=Plur;_;_;_;@emsh1978f-words#@emsh1978f#83.394#83.688
435;все;все;PART;_;_;_;_;_;@emsh1978f-words#@emsh1978f#83.688#83.982
436;без;без;ADP;_;_;_;_;_;@emsh1978f-words#@emsh1978f#83.982#84.276
437;галстуков;галстук;NOUN;_;Animacy=Inan|Case=Gen|Gender=Masc|Number=Plur;_;_;_;@emsh1978f-words#@emsh1978f#84.276#84.57
438;кипиай;кипиать;X;_;Foreign=Yes;_;_;_;@emsh1978f-words#@emsh1978f#84.57#84.864
439;флип;флип;X;_;Foreign=Yes;_;_;_;@emsh1978f-words#@emsh1978f#84.864#85.158
440;чарт;чарт;X;_;Foreign=Yes;_;_;_;@emsh1978f-words#@emsh1978f#85.158#85.452
441;и;и;CCONJ;_;_;_;_;_;@emsh1978f-words#@emsh1978f#85.452#85.746
442;вообще;вообще;ADV;_;Degree=Pos;_;_;_;@emsh1978f-words#@emsh1978f#85.746#86.04
443;чё;что;PRON;_;Case=Gen;_;_;_;@emsh1978f-words#@emsh1978f#86.04#86.334
444;тока;только;PART;_;_;_;_;_;@emsh1978f-words#@emsh1978f#86.334#86.628
445;нет;нет;PRED;_;_;_;_;_;@emsh1978f-words#@emsh1978f#86.628#86.926
446;в;в;ADP;_;_;_;_;_;@emsh1978f-words#@emsh1978f#87.157#87.462
447;общем;общий;ADJ;_;Case=Loc|Degree=Pos|Gender=Neut|Number=Sing;_;_;_;@emsh1978f-words#@emsh1978f#87.462#87.767
448;мы;мы;PRON;_;Case=Nom|Number=Plur|Person=1;_;_;_;@emsh1978f-words#@emsh1978f#87.767#88.072
449;обновлемся;обновлться;VERB;_;Aspect=Perf|Mood=Ind|Number=Plur|Person=1|Tense=Fut|VerbForm=Fin|Voice=Mid;_;_;_;@emsh1978f-words#@emsh1978f#88.072#88.377
450;лайк;лайк;X;_;Foreign=Yes;_;_;_;@emsh1978f-words#@emsh1978f#88.377#88.68
451;зе;зе;X;_;Foreign=Yes;_;_;_;@emsh1978f-words#@emsh1978f#88.682#88.987
452;из;из;X;_;Foreign=Yes;_;_;_;@emsh1978f-words#@emsh1978f#88.987#89.292
453;но;но;X;_;Foreign=Yes;_;_;_;@emsh1978f-words#@emsh1978f#89.292#89.597
454;тумороу;тумороу;X;_;Foreign=Yes;_;_;_;@emsh1978f-words#@emsh1978f#89.597#89.90
455;эээ;эээ;INTJ;_;_;_;_;_;@emsh1978f-words#@emsh1978f#90.136#90.384
456;а;а;CCONJ;_;_;_;_;_;@emsh1978f-words#@emsh1978f#90.384#90.632
457;вам;вы;PRON;_;Case=Dat|Number=Plur|Person=2;_;_;_;@emsh1978f-words#@emsh1978f#90.632#90.88
458;всё;все;PART;_;_;_;_;_;@emsh1978f-words#@emsh1978f#90.88#91.128
459;мало;мало;ADV;_;Degree=Pos;_;_;_;@emsh1978f-words#@emsh1978f#91.128#91.378
460;значит;значить;VERB;_;Aspect=Imp|Mood=Ind|Number=Sing|Person=3|Tense=Pres|VerbForm=Fin|Voice=Act;_;_;_;@emsh1978f-words#@emsh1978f#91.789#92.089
461;ну;ну;PART;_;_;_;_;_;@emsh1978f-words#@emsh1978f#92.089#92.389
462;што;что;SCONJ;_;_;_;_;_;@emsh1978f-words#@emsh1978f#92.389#92.689
463;я;я;PRON;_;Case=Nom|Number=Sing|Person=1;_;_;_;@emsh1978f-words#@emsh1978f#92.689#92.989
464;могу;мочь;VERB;_;Aspect=Imp|Mood=Ind|Number=Sing|Person=1|Tense=Pres|VerbForm=Fin|Voice=Act;_;_;_;@emsh1978f-words#@emsh1978f#92.989#93.289
465;сказать;сказать;VERB;_;Aspect=Perf|VerbForm=Inf|Voice=Act;_;_;_;@emsh1978f-words#@emsh1978f#93.289#93.589
466;с;с;ADP;_;_;_;_;_;@emsh1978f-words#@emsh1978f#93.589#93.889
467;точки;точка;NOUN;_;Animacy=Inan|Case=Gen|Gender=Fem|Number=Sing;_;_;_;@emsh1978f-words#@emsh1978f#93.889#94.189
468;зрения;зрение;NOUN;_;Animacy=Inan|Case=Gen|Gender=Neut|Number=Sing;_;_;_;@emsh1978f-words#@emsh1978f#94.189#94.489
469;теперь;теперь;ADV;_;Degree=Pos;_;_;_;@emsh1978f-words#@emsh1978f#94.489#94.789
470;объективной;объективный;ADJ;_;Case=Gen|Degree=Pos|Gender=Fem|Number=Sing;_;_;_;@emsh1978f-words#@emsh1978f#94.789#95.089
471;реальности;реальность;NOUN;_;Animacy=Inan|Case=Gen|Gender=Fem|Number=Sing;_;_;_;@emsh1978f-words#@emsh1978f#95.089#95.389
472;теперь;теперь;ADV;_;Degree=Pos;_;_;_;@emsh1978f-words#@emsh1978f#95.389#95.689
473;вернёмся;вернёться;VERB;_;Aspect=Perf|Mood=Ind|Number=Plur|Person=1|Tense=Fut|VerbForm=Fin|Voice=Mid;_;_;_;@emsh1978f-words#@emsh1978f#95.689#95.989
474;на;на;ADP;_;_;_;_;_;@emsh1978f-words#@emsh1978f#95.989#96.289
475;позицию;позиция;NOUN;_;Animacy=Inan|Case=Acc|Gender=Fem|Number=Sing;_;_;_;@emsh1978f-words#@emsh1978f#96.289#96.589
476;объективной;объективный;ADJ;_;Case=Gen|Degree=Pos|Gender=Fem|Number=Sing;_;_;_;@emsh1978f-words#@emsh1978f#96.589#96.889
477;реальности;реальность;NOUN;_;Animacy=Inan|Case=Gen|Gender=Fem|Number=Sing;_;_;_;@emsh1978f-words#@emsh1978f#96.889#97.189
478;эээ;эээ;INTJ;_;_;_;_;_;@emsh1978f-words#@emsh1978f#97.663#97.978
479;вообще;вообще;ADV;_;Degree=Pos;_;_;_;@emsh1978f-words#@emsh1978f#98.357#98.661
480;гражданский;гражданский;ADJ;_;Case=Nom|Degree=Pos|Gender=Masc|Number=Sing;_;_;_;@emsh1978f-words#@emsh1978f#98.661#98.965
481;государственый;государственый;ADJ;_;Case=Nom|Degree=Pos|Gender=Masc|Number=Sing;_;_;_;@emsh1978f-words#@emsh1978f#98.965#99.269
482;служащий;служащий;NOUN;_;Animacy=Anim|Case=Nom|Gender=Masc|Number=Sing;_;_;_;@emsh1978f-words#@emsh1978f#99.269#99.573
483;у;у;ADP;_;_;_;_;_;@emsh1978f-words#@emsh1978f#99.573#99.877
484;нас;мы;PRON;_;Case=Gen|Number=Plur|Person=1;_;_;_;@emsh1978f-words#@emsh1978f#99.877#100.181
485;имеют;иметь;VERB;_;Aspect=Imp|Mood=Ind|Number=Plur|Person=3|Tense=Pres|VerbForm=Fin|Voice=Act;_;_;_;@emsh1978f-words#@emsh1978f#100.181#100.485
486;средний;средний;ADJ;_;Animacy=Inan|Case=Acc|Degree=Pos|Gender=Masc|Number=Sing;_;_;_;@emsh1978f-words#@emsh1978f#100.485#100.789
487;возраст;возраст;NOUN;_;Animacy=Inan|Case=Acc|Gender=Masc|Number=Sing;_;_;_;@emsh1978f-words#@emsh1978f#100.789#101.093
488;трицать;трицать;VERB;_;Aspect=Imp|VerbForm=Inf|Voice=Act;_;_;_;@emsh1978f-words#@emsh1978f#101.093#101.397
489;девять;девять;NUM;_;Case=Acc;_;_;_;@emsh1978f-words#@emsh1978f#101.397#101.701
490;лет;год;NOUN;_;Animacy=Inan|Case=Gen|Gender=Masc|Number=Plur;_;_;_;@emsh1978f-words#@emsh1978f#101.701#102.01
491;это;это;PRON;_;Animacy=Inan|Case=Nom|Gender=Neut|Number=Sing;_;_;_;@emsh1978f-words#@emsh1978f#102.536#102.834
492;сответствует;сответствовать;VERB;_;Aspect=Imp|Mood=Ind|Number=Sing|Person=3|Tense=Pres|VerbForm=Fin|Voice=Act;_;_;_;@emsh1978f-words#@emsh1978f#102.834#103.132
493;среднему;средний;ADJ;_;Case=Dat|Degree=Pos|Gender=Masc|Number=Sing;_;_;_;@emsh1978f-words#@emsh1978f#103.132#103.43
494;возрасту;возраст;NOUN;_;Animacy=Inan|Case=Dat|Gender=Masc|Number=Sing;_;_;_;@emsh1978f-words#@emsh1978f#103.43#103.728
495;по;по;ADP;_;_;_;_;_;@emsh1978f-words#@emsh1978f#103.728#104.026
496;популяции;популяция;NOUN;_;Animacy=Inan|Case=Dat|Gender=Fem|Number=Sing;_;_;_;@emsh1978f-words#@emsh1978f#104.026#104.326
497;то;то;PRON;_;Animacy=Inan|Case=Nom|Gender=Neut|Number=Sing;_;_;_;@emsh1978f-words#@emsh1978f#105.315#105.495
498;есть;быть;VERB;_;Aspect=Imp|Mood=Ind|Number=Sing|Person=3|Tense=Pres|VerbForm=Fin|Voice=Act;_;_;_;@emsh1978f-words#@emsh1978f#105.495#105.675
499;сказать;сказать;VERB;_;Aspect=Perf|VerbForm=Inf|Voice=Act;_;_;_;@emsh1978f-words#@emsh1978f#105.675#105.855
500;што;что;INTJ;_;_;_;_;_;@emsh1978f-words#@emsh1978f#105.855#106.035
501;там;там;ADV;_;Degree=Pos;_;_;_;@emsh1978f-words#@emsh1978f#106.035#106.215
502;какие-то;какой-то;DET;_;Case=Nom|Number=Plur;_;_;_;@emsh1978f-words#@emsh1978f#106.215#106.395
503;старцы;старец;NOUN;_;Animacy=Anim|Case=Nom|Gender=Masc|Number=Plur;_;_;_;@emsh1978f-words#@emsh1978f#106.395#106.575
504;у;у;ADP;_;_;_;_;_;@emsh1978f-words#@emsh1978f#106.575#106.755
505;нас;мы;PRON;_;Case=Gen|Number=Plur|Person=1;_;_;_;@emsh1978f-words#@emsh1978f#106.755#106.935
506;засели;сеть;VERB;_;Aspect=Imp|Mood=Ind|Number=Plur|Tense=Past|VerbForm=Fin|Voice=Act;_;_;_;@emsh1978f-words#@emsh1978f#106.935#107.115
507;мы;мы;PRON;_;Case=Nom|Number=Plur|Person=1;_;_;_;@emsh1978f-words#@emsh1978f#107.115#107.295
508;не;не;PART;_;_;_;_;_;@emsh1978f-words#@emsh1978f#107.295#107.475
509;можем;мочь;VERB;_;Aspect=Imp|Mood=Ind|Number=Plur|Person=1|Tense=Pres|VerbForm=Fin|Voice=Act;_;_;_;@emsh1978f-words#@emsh1978f#107.475#107.663
510;но;но;CCONJ;_;_;_;_;_;@emsh1978f-words#@emsh1978f#108.336#108.571
511;дальше;дальше;ADV;_;Degree=Cmp;_;_;_;@emsh1978f-words#@emsh1978f#108.571#108.806
512;чем;чем;SCONJ;_;_;_;_;_;@emsh1978f-words#@emsh1978f#108.806#109.041
513;выше;высоко;ADV;_;Degree=Cmp;_;_;_;@emsh1978f-words#@emsh1978f#109.041#109.276
514;мы;мы;PRON;_;Case=Nom|Number=Plur|Person=1;_;_;_;@emsh1978f-words#@emsh1978f#109.276#109.511
515;поднимемся;подняться;VERB;_;Aspect=Perf|Mood=Ind|Number=Plur|Person=1|Tense=Fut|VerbForm=Fin|Voice=Mid;_;_;_;@emsh1978f-words#@emsh1978f#109.511#109.746
516;тем;тем;SCONJ;_;_;_;_;_;@emsh1978f-words#@emsh1978f#109.746#109.981
517;у;у;ADP;_;_;_;_;_;@emsh1978f-words#@emsh1978f#109.981#110.216
518;нас;мы;PRON;_;Case=Gen|Number=Plur|Person=1;_;_;_;@emsh1978f-words#@emsh1978f#110.216#110.451
519;средний;средний;ADJ;_;Case=Nom|Degree=Pos|Gender=Masc|Number=Sing;_;_;_;@emsh1978f-words#@emsh1978f#110.451#110.686
520;возраст;возраст;NOUN;_;Animacy=Inan|Case=Nom|Gender=Masc|Number=Sing;_;_;_;@emsh1978f-words#@emsh1978f#110.686#110.921
521;канешна;конечно;ADV;_;Degree=Pos;_;_;_;@emsh1978f-words#@emsh1978f#110.921#111.156
522;возрастает;возрастать;VERB;_;Aspect=Imp|Mood=Ind|Number=Sing|Person=3|Tense=Pres|VerbForm=Fin|Voice=Act;_;_;_;@emsh1978f-words#@emsh1978f#111.156#111.4
523;значит;значить;VERB;_;Aspect=Imp|Mood=Ind|Number=Sing|Person=3|Tense=Pres|VerbForm=Fin|Voice=Act;_;_;_;@emsh1978f-words#@emsh1978f#112.452#112.873
524;эээ;эээ;INTJ;_;_;_;_;_;@emsh1978f-words#@emsh1978f#112.873#113.294
525;администрация;администрация;NOUN;_;Animacy=Inan|Case=Nom|Gender=Fem|Number=Sing;_;_;_;@emsh1978f-words#@emsh1978f#113.294#113.715
526;президента;президент;NOUN;_;Animacy=Anim|Case=Gen|Gender=Masc|Number=Sing;_;_;_;@emsh1978f-words#@emsh1978f#113.715#114.136
527;старше;старший;ADJ;_;Degree=Cmp;_;_;_;@emsh1978f-words#@emsh1978f#114.136#114.557
528;чем;чем;SCONJ;_;_;_;_;_;@emsh1978f-words#@emsh1978f#114.557#114.978
529;эээ;эээ;INTJ;_;_;_;_;_;@emsh1978f-words#@emsh1978f#114.978#115.399
530;госудраственная;госудраственный;ADJ;_;Case=Nom|Degree=Pos|Gender=Fem|Number=Sing;_;_;_;@emsh1978f-words#@emsh1978f#115.399#115.82
531;дума;дума;NOUN;_;Animacy=Inan|Case=Gen|Gender=Masc|Number=Sing;_;_;_;@emsh1978f-words#@emsh1978f#115.82#116.242
532;правительство;правительство;NOUN;_;Animacy=Inan|Case=Nom|Gender=Neut|Number=Sing;_;_;_;@emsh1978f-words#@emsh1978f#117.526#117.929
533;чуть;чуть;ADV;_;Degree=Pos;_;_;_;@emsh1978f-words#@emsh1978f#117.929#118.332
534;моложе;молодой;ADJ;_;Degree=Cmp;_;_;_;@emsh1978f-words#@emsh1978f#118.332#118.735
535;чем;чем;SCONJ;_;_;_;_;_;@emsh1978f-words#@emsh1978f#118.735#119.138
536;администрация;администрация;NOUN;_;Animacy=Inan|Case=Nom|Gender=Fem|Number=Sing;_;_;_;@emsh1978f-words#@emsh1978f#119.138#119.541
537;президента;президент;NOUN;_;Animacy=Anim|Case=Gen|Gender=Masc|Number=Sing;_;_;_;@emsh1978f-words#@emsh1978f#119.541#119.944
538;cредний;cредний;ADJ;_;Case=Nom|Degree=Pos|Gender=Masc|Number=Sing;_;_;_;@emsh1978f-words#@emsh1978f#119.944#120.347
539;возраст;возраст;NOUN;_;Animacy=Inan|Case=Nom|Gender=Masc|Number=Sing;_;_;_;@emsh1978f-words#@emsh1978f#120.347#120.75
540;члена;член;NOUN;_;Animacy=Anim|Case=Gen|Gender=Masc|Number=Sing;_;_;_;@emsh1978f-words#@emsh1978f#120.75#121.153
541;совета;совет;NOUN;_;Animacy=Inan|Case=Gen|Gender=Masc|Number=Sing;_;_;_;@emsh1978f-words#@emsh1978f#121.153#121.556
542;безопасности;безопасность;NOUN;_;Animacy=Inan|Case=Gen|Gender=Fem|Number=Sing;_;_;_;@emsh1978f-words#@emsh1978f#121.556#121.959
543;шестьдесят;шестьдесят;NUM;_;Case=Nom;_;_;_;@emsh1978f-words#@emsh1978f#121.959#122.362
544;и;и;CCONJ;_;_;_;_;_;@emsh1978f-words#@emsh1978f#122.362#122.765
545;четыре;четыре;NUM;_;Case=Nom;_;_;_;@emsh1978f-words#@emsh1978f#122.765#123.178
546;там;там;ADV;_;Degree=Pos;_;_;_;@emsh1978f-words#@emsh1978f#125.242#125.709
547;конечно;конечно;ADV;_;Degree=Pos;_;_;_;@emsh1978f-words#@emsh1978f#125.709#126.176
548;всё;все;PRON;_;Animacy=Inan|Case=Nom|Gender=Neut|Number=Sing;_;_;_;@emsh1978f-words#@emsh1978f#126.176#126.643
549;довольно;довольно;ADV;_;Degree=Pos;_;_;_;@emsh1978f-words#@emsh1978f#126.643#127.11
550;глухо;глухо;ADJ;_;Degree=Pos|Gender=Neut|Number=Sing|Variant=Short;_;_;_;@emsh1978f-words#@emsh1978f#127.11#127.578
551;в;в;ADP;_;_;_;_;_;@emsh1978f-words#@emsh1978f#128.147#128.403
552;этом;этот;DET;_;Case=Loc|Gender=Masc|Number=Sing;_;_;_;@emsh1978f-words#@emsh1978f#128.403#128.659
553;смысле;смысл;NOUN;_;Animacy=Inan|Case=Loc|Gender=Masc|Number=Sing;_;_;_;@emsh1978f-words#@emsh1978f#128.659#128.915
554;в;в;ADP;_;_;_;_;_;@emsh1978f-words#@emsh1978f#128.915#129.171
555;смысле;смысл;NOUN;_;Animacy=Inan|Case=Loc|Gender=Masc|Number=Sing;_;_;_;@emsh1978f-words#@emsh1978f#129.171#129.427
556;обновлений;обновление;NOUN;_;Animacy=Inan|Case=Gen|Gender=Neut|Number=Plur;_;_;_;@emsh1978f-words#@emsh1978f#129.427#129.684
557;нуу;ну;Part;_;_;_;_;_;@emsh1978f-words#@emsh1978f#130.442#130.755
558;вам;вы;PRON;_;Case=Dat|Number=Plur|Person=2;_;_;_;@emsh1978f-words#@emsh1978f#130.755#131.068
559;на;на;ADP;_;_;_;_;_;@emsh1978f-words#@emsh1978f#131.068#131.381
560;это;это;PRON;_;Animacy=Inan|Case=Acc|Gender=Neut|Number=Sing;_;_;_;@emsh1978f-words#@emsh1978f#131.381#131.694
561;скажут;сказать;VERB;_;Aspect=Perf|Mood=Ind|Number=Plur|Person=3|Tense=Fut|VerbForm=Fin|Voice=Act;_;_;_;@emsh1978f-words#@emsh1978f#131.694#132.007
562;што;что;SCONJ;_;_;_;_;_;@emsh1978f-words#@emsh1978f#132.007#132.32
563;это;это;PRON;_;Animacy=Inan|Case=Nom|Gender=Neut|Number=Sing;_;_;_;@emsh1978f-words#@emsh1978f#132.32#132.633
564;естествено;естественный;VERB;_;Aspect=Perf|Gender=Neut|Number=Sing|Tense=Past|Variant=Short|VerbForm=Part|Voice=Pass;_;_;_;@emsh1978f-words#@emsh1978f#132.633#132.946
565;потому;потому;ADV;_;Degree=Pos;_;_;_;@emsh1978f-words#@emsh1978f#132.946#133.259
566;што;что;SCONJ;_;_;_;_;_;@emsh1978f-words#@emsh1978f#133.259#133.572
567;люди;человек;NOUN;_;Animacy=Anim|Case=Nom|Gender=Masc|Number=Plur;_;_;_;@emsh1978f-words#@emsh1978f#133.572#133.885
568;продвигаются;продвигаться;VERB;_;Aspect=Imp|Mood=Ind|Number=Plur|Person=3|Tense=Pres|VerbForm=Fin|Voice=Pass;_;_;_;@emsh1978f-words#@emsh1978f#133.885#134.198
569;с;с;ADP;_;_;_;_;_;@emsh1978f-words#@emsh1978f#134.198#134.511
570;возрастом;возраст;NOUN;_;Animacy=Inan|Case=Ins|Gender=Masc|Number=Sing;_;_;_;@emsh1978f-words#@emsh1978f#134.511#134.824
571;по;по;ADP;_;_;_;_;_;@emsh1978f-words#@emsh1978f#134.824#135.137
572;иерархической;иерархический;ADJ;_;Case=Dat|Degree=Pos|Gender=Fem|Number=Sing;_;_;_;@emsh1978f-words#@emsh1978f#135.137#135.45
573;лестнице;лестница;NOUN;_;Animacy=Inan|Case=Dat|Gender=Fem|Number=Sing;_;_;_;@emsh1978f-words#@emsh1978f#135.45#135.763
574;для;для;ADP;_;_;_;_;_;@emsh1978f-words#@emsh1978f#135.763#136.076
575;того;тот;DET;_;Case=Acc|Gender=Masc|Number=Sing;_;_;_;@emsh1978f-words#@emsh1978f#136.076#136.389
576;штоб;чтобы;SCONJ;_;Mood=Cnd;_;_;_;@emsh1978f-words#@emsh1978f#136.389#136.702
577;дожить;дожить;VERB;_;Aspect=Perf|VerbForm=Inf|Voice=Act;_;_;_;@emsh1978f-words#@emsh1978f#136.702#137.015
578;до;до;ADP;_;_;_;_;_;@emsh1978f-words#@emsh1978f#137.015#137.328
579;какой-то;какой-то;DET;_;Case=Loc|Gender=Fem|Number=Sing;_;_;_;@emsh1978f-words#@emsh1978f#137.328#137.641
580;важной;важный;ADJ;_;Case=Loc|Degree=Pos|Gender=Fem|Number=Sing;_;_;_;@emsh1978f-words#@emsh1978f#137.641#137.954
581;должности;должность;NOUN;_;Animacy=Inan|Case=Loc|Gender=Fem|Number=Sing;_;_;_;@emsh1978f-words#@emsh1978f#137.954#138.267
582;в;в;ADP;_;_;_;_;_;@emsh1978f-words#@emsh1978f#138.267#138.58
583;общем;общий;ADJ;_;Case=Loc|Degree=Pos|Gender=Masc|Number=Sing;_;_;_;@emsh1978f-words#@emsh1978f#138.58#138.893
584;уже;уже;ADV;_;Degree=Pos;_;_;_;@emsh1978f-words#@emsh1978f#138.893#139.206
585;успеть;успеть;VERB;_;Aspect=Perf|VerbForm=Inf|Voice=Act;_;_;_;@emsh1978f-words#@emsh1978f#139.206#139.519
586;более;более;ADV;_;Degree=Cmp;_;_;_;@emsh1978f-words#@emsh1978f#139.519#139.832
587;ли;ли;PART;_;_;_;_;_;@emsh1978f-words#@emsh1978f#139.832#140.145
588;менее;менее;ADV;_;Degree=Cmp;_;_;_;@emsh1978f-words#@emsh1978f#140.145#140.458
589;состариться;состариться;VERB;_;Aspect=Perf|VerbForm=Inf|Voice=Mid;_;_;_;@emsh1978f-words#@emsh1978f#140.458#140.771
590;так;так;ADV;_;Degree=Pos;_;_;_;@emsh1978f-words#@emsh1978f#140.771#141.084
591;што;что;SCONJ;_;_;_;_;_;@emsh1978f-words#@emsh1978f#141.084#141.397
592;в;в;ADP;_;_;_;_;_;@emsh1978f-words#@emsh1978f#141.397#141.71
593;этом;это;PRON;_;Animacy=Inan|Case=Loc|Gender=Neut|Number=Sing;_;_;_;@emsh1978f-words#@emsh1978f#141.71#142.023
594;может;мочь;VERB;_;Aspect=Imp|Mood=Ind|Number=Sing|Person=3|Tense=Pres|VerbForm=Fin|Voice=Act;_;_;_;@emsh1978f-words#@emsh1978f#142.023#142.336
595;быть;быть;AUX;_;Aspect=Imp|VerbForm=Inf|Voice=Act;_;_;_;@emsh1978f-words#@emsh1978f#142.336#142.649
596;нет;нет;VERB;_;Aspect=Imp|Mood=Ind|Number=Sing|Person=3|Tense=Pres|VerbForm=Fin|Voice=Act;_;_;_;@emsh1978f-words#@emsh1978f#142.649#142.962
597;ни;ни;PART;_;_;_;_;_;@emsh1978f-words#@emsh1978f#142.962#143.275
598;чьего;чей;DET;_;Case=Gen|Gender=Neut|Number=Sing;_;_;_;@emsh1978f-words#@emsh1978f#143.275#143.588
599;замысла;замысел;NOUN;_;Animacy=Inan|Case=Gen|Gender=Masc|Number=Sing;_;_;_;@emsh1978f-words#@emsh1978f#143.588#143.901
600;но;но;СCONJ;_;_;_;_;_;@emsh1978f-words#@emsh1978f#143.901#144.252
601;...;...;PUNCT;_;_;_;_;_;@emsh1978f-words#@emsh1978f#143.901#144.252
602;не-не-не-не-не;не-не-не-не-не;INTJ;_;_;_;_;_;@emsh1978f-words#@emsh1978f#153.042#153.526
603;60;60;NUM;_;_;_;_;_;@emsh1978f-words#@emsh1978f#153.526#154.01
604;запятая;запятая;NOUN;_;Animacy=Inan|Case=Nom|Gender=Fem|Number=Sing;_;_;_;@emsh1978f-words#@emsh1978f#154.01#154.494
605;4;4;NUM;_;_;_;_;_;@emsh1978f-words#@emsh1978f#154.494#154.978
606;есть;есть;VERB;_;Aspect=Perf|VerbForm=Inf|Voice=Act;_;_;_;@emsh1978f-words#@emsh1978f#160.694#161.103
607;такое;такой;DET;_;Case=Acc|Gender=Neut|Number=Sing;_;_;_;@emsh1978f-words#@emsh1978f#161.103#161.512
608;дело;дело;NOUN;_;Animacy=Inan|Case=Acc|Gender=Neut|Number=Sing;_;_;_;@emsh1978f-words#@emsh1978f#161.512#161.921
609;более;более;ADV;_;Degree=Cmp;_;_;_;@emsh1978f-words#@emsh1978f#161.921#162.33
610;того;то;PRON;_;Animacy=Inan|Case=Gen|Gender=Neut|Number=Sing;_;_;_;@emsh1978f-words#@emsh1978f#162.33#162.739
611;я;я;PRON;_;Case=Nom|Number=Sing|Person=1;_;_;_;@emsh1978f-words#@emsh1978f#162.739#163.148
612;вам;вы;PRON;_;Case=Dat|Number=Plur|Person=2;_;_;_;@emsh1978f-words#@emsh1978f#163.148#163.557
613;скажу;сказать;VERB;_;Aspect=Perf|Mood=Ind|Number=Sing|Person=1|Tense=Fut|VerbForm=Fin|Voice=Act;_;_;_;@emsh1978f-words#@emsh1978f#163.557#163.966
614;у;у;ADP;_;_;_;_;_;@emsh1978f-words#@emsh1978f#163.966#164.375
615;нас;мы;PRON;_;Case=Gen|Number=Plur|Person=1;_;_;_;@emsh1978f-words#@emsh1978f#164.375#164.784
616;вязкость;вязкость;NOUN;_;Animacy=Inan|Case=Acc|Gender=Fem|Number=Sing;_;_;_;@emsh1978f-words#@emsh1978f#164.784#165.193
617;так;так;ADV;_;Degree=Pos;_;_;_;@emsh1978f-words#@emsh1978f#165.193#165.602
618;сказать;сказать;VERB;_;Aspect=Perf|VerbForm=Inf|Voice=Act;_;_;_;@emsh1978f-words#@emsh1978f#165.602#166.011
619;социальной;социальный;ADJ;_;Case=Gen|Degree=Pos|Gender=Fem|Number=Sing;_;_;_;@emsh1978f-words#@emsh1978f#166.011#166.42
620;среды;среда;NOUN;_;Animacy=Inan|Case=Gen|Gender=Fem|Number=Sing;_;_;_;@emsh1978f-words#@emsh1978f#166.42#166.829
621;совершенно;совершенно;ADV;_;Degree=Pos;_;_;_;@emsh1978f-words#@emsh1978f#166.829#167.238
622;выдающаяся;выдавать;VERB;_;Aspect=Imp|Case=Nom|Gender=Fem|Number=Sing|Tense=Pres|VerbForm=Part|Voice=Mid;_;_;_;@emsh1978f-words#@emsh1978f#167.238#167.647
623;и;и;CCONJ;_;_;_;_;_;@emsh1978f-words#@emsh1978f#167.647#168.056
624;в;в;ADP;_;_;_;_;_;@emsh1978f-words#@emsh1978f#168.056#168.465
625;полетической;полетический;ADJ;_;Case=Loc|Degree=Pos|Gender=Fem|Number=Sing;_;_;_;@emsh1978f-words#@emsh1978f#168.465#168.874
626;сфере;сфера;NOUN;_;Animacy=Inan|Case=Loc|Gender=Fem|Number=Sing;_;_;_;@emsh1978f-words#@emsh1978f#168.874#169.283
627;и;и;CCONJ;_;_;_;_;_;@emsh1978f-words#@emsh1978f#169.283#169.692
628;в;в;ADP;_;_;_;_;_;@emsh1978f-words#@emsh1978f#169.692#170.101
629;культурной;культурный;ADJ;_;Case=Loc|Degree=Pos|Gender=Fem|Number=Sing;_;_;_;@emsh1978f-words#@emsh1978f#170.101#170.51
630;эээ;эээ;INTJ;_;_;_;_;_;@emsh1978f-words#@emsh1978f#170.51#170.919
631;те;тот;DET;_;Case=Nom|Number=Plur;_;_;_;@emsh1978f-words#@emsh1978f#170.919#171.328
632;люди;человек;NOUN;_;Animacy=Anim|Case=Nom|Gender=Masc|Number=Plur;_;_;_;@emsh1978f-words#@emsh1978f#171.328#171.737
633;которые;который;PRON;_;Case=Acc;_;_;_;@emsh1978f-words#@emsh1978f#171.737#172.146
634;например;например;ADV;_;Degree=Pos;_;_;_;@emsh1978f-words#@emsh1978f#172.146#172.555
635;к;к;ADP;_;_;_;_;_;@emsh1978f-words#@emsh1978f#172.555#172.964
636;концу;конец;NOUN;_;Animacy=Inan|Case=Dat|Gender=Masc|Number=Sing;_;_;_;@emsh1978f-words#@emsh1978f#172.964#173.373
637;советской;советский;ADJ;_;Case=Gen|Degree=Pos|Gender=Fem|Number=Sing;_;_;_;@emsh1978f-words#@emsh1978f#173.373#173.782
638;власти;власть;NOUN;_;Animacy=Inan|Case=Gen|Gender=Fem|Number=Sing;_;_;_;@emsh1978f-words#@emsh1978f#173.782#174.191
639;были;быть;AUX;_;Aspect=Imp|Mood=Ind|Number=Plur|Tense=Past|VerbForm=Fin|Voice=Act;_;_;_;@emsh1978f-words#@emsh1978f#174.191#174.6
640;частью;часть;NOUN;_;Animacy=Inan|Case=Ins|Gender=Fem|Number=Sing;_;_;_;@emsh1978f-words#@emsh1978f#174.6#175.009
641;властвующуей;властвующуя;ADJ;_;Case=Gen|Degree=Pos|Gender=Fem|Number=Sing;_;_;_;@emsh1978f-words#@emsh1978f#175.009#175.418
642;элиты;элита;NOUN;_;Animacy=Inan|Case=Gen|Gender=Fem|Number=Sing;_;_;_;@emsh1978f-words#@emsh1978f#175.418#175.827
643;во;в;ADP;_;_;_;_;_;@emsh1978f-words#@emsh1978f#175.827#176.236
644;многом;многое;NOUN;_;Animacy=Inan|Case=Loc|Gender=Neut|Number=Sing;_;_;_;@emsh1978f-words#@emsh1978f#176.236#176.645
645;сохранились;сохраниться;VERB;_;Aspect=Perf|Mood=Ind|Number=Plur|Tense=Past|VerbForm=Fin|Voice=Mid;_;_;_;@emsh1978f-words#@emsh1978f#176.645#177.054
646;и;и;PART;_;_;_;_;_;@emsh1978f-words#@emsh1978f#177.054#177.463
647;многое;многое;NOUN;_;Animacy=Inan|Case=Acc|Gender=Neut|Number=Sing;_;_;_;@emsh1978f-words#@emsh1978f#177.463#177.872
648;передали;передать;VERB;_;Aspect=Perf|Mood=Ind|Number=Plur|Tense=Past|VerbForm=Fin|Voice=Act;_;_;_;@emsh1978f-words#@emsh1978f#177.872#178.281
649;по;по;ADP;_;_;_;_;_;@emsh1978f-words#@emsh1978f#178.281#178.69
650;наследству;наследство;NOUN;_;Animacy=Inan|Case=Dat|Gender=Neut|Number=Sing;_;_;_;@emsh1978f-words#@emsh1978f#178.69#179.105
651;то;тот;DET;_;Case=Acc|Gender=Neut|Number=Sing;_;_;_;@emsh1978f-words#@emsh1978f#179.263#179.589
652;што;что;SCONJ;_;_;_;_;_;@emsh1978f-words#@emsh1978f#179.589#179.915
653;нами;мы;PRON;_;Case=Ins|Number=Plur|Person=1;_;_;_;@emsh1978f-words#@emsh1978f#179.915#180.241
654;правят;править;VERB;_;Aspect=Perf|Mood=Ind|Number=Plur|Person=3|Tense=Fut|VerbForm=Fin|Voice=Act;_;_;_;@emsh1978f-words#@emsh1978f#180.241#180.567
655;члены;член;NOUN;_;Animacy=Anim|Case=Nom|Gender=Masc|Number=Plur;_;_;_;@emsh1978f-words#@emsh1978f#180.567#180.893
656;кпсс;кпсс;NOUN;_;Animacy=Inan|Case=Gen|Gender=Masc|Number=Sing;_;_;_;@emsh1978f-words#@emsh1978f#180.893#181.219
657;это;это;PRON;_;Animacy=Inan|Case=Acc|Gender=Neut|Number=Sing;_;_;_;@emsh1978f-words#@emsh1978f#181.219#181.545
658;все;весь;DET;_;Case=Acc|Gender=Neut|Number=Sing;_;_;_;@emsh1978f-words#@emsh1978f#181.545#181.871
659;уже;уже;AVD;_;Degree=Pos;_;_;_;@emsh1978f-words#@emsh1978f#181.871#182.2
660;...;...;PUNCT;_;_;_;_;_;@emsh1978f-words#@emsh1978f#181.871#182.2
661;об;о;ADP;_;_;_;_;_;@emsh1978f-words#@emsh1978f#182.547#182.852
662;этом;это;PRON;_;Animacy=Inan|Case=Loc|Gender=Neut|Number=Sing;_;_;_;@emsh1978f-words#@emsh1978f#182.852#183.157
663;все;все;PRON;_;Animacy=Anim|Case=Nom|Number=Plur;_;_;_;@emsh1978f-words#@emsh1978f#183.157#183.462
664;давно;давно;ADV;_;Degree=Pos;_;_;_;@emsh1978f-words#@emsh1978f#183.462#183.767
665;уже;уже;ADV;_;Degree=Pos;_;_;_;@emsh1978f-words#@emsh1978f#183.767#184.072
666;догадались;догадаться;VERB;_;Aspect=Perf|Mood=Ind|Number=Plur|Tense=Past|VerbForm=Fin|Voice=Mid;_;_;_;@emsh1978f-words#@emsh1978f#184.072#184.377
667;приблизительно;приблизительно;ADV;_;Degree=Pos;_;_;_;@emsh1978f-words#@emsh1978f#184.377#184.682
668;да;да;INTJ;_;_;_;_;_;@emsh1978f-words#@emsh1978f#184.682#184.989
669;?;?;PUNCT;_;_;_;_;_;@emsh1978f-words#@emsh1978f#184.682#184.989
670;значит;значить;VERB;_;Aspect=Imp|Mood=Ind|Number=Sing|Person=3|Tense=Pres|VerbForm=Fin|Voice=Act;_;_;_;@emsh1978f-words#@emsh1978f#185.221#185.696
671;те;тот;DET;_;Case=Acc|Number=Plur;_;_;_;@emsh1978f-words#@emsh1978f#185.696#186.171
672;кому;кто;PRON;_;Case=Dat;_;_;_;@emsh1978f-words#@emsh1978f#186.171#186.646
673;было;быть;AUX;_;Aspect=Imp|Gender=Neut|Mood=Ind|Number=Sing|Tense=Past|VerbForm=Fin|Voice=Act;_;_;_;@emsh1978f-words#@emsh1978f#186.646#187.121
674;40;40;NUM;_;_;_;_;_;@emsh1978f-words#@emsh1978f#187.121#187.596
675;вот;вот;PART;_;_;_;_;_;@emsh1978f-words#@emsh1978f#187.596#188.071
676;эти;этот;DET;_;Case=Nom|Number=Plur;_;_;_;@emsh1978f-words#@emsh1978f#188.071#188.546
677;вот;вот;PART;_;_;_;_;_;@emsh1978f-words#@emsh1978f#188.546#189.021
678;нынешние;нынешний;ADJ;_;Case=Nom|Degree=Pos|Number=Plur;_;_;_;@emsh1978f-words#@emsh1978f#189.021#189.496
679;это;это;PRON;_;Animacy=Inan|Case=Nom|Gender=Neut|Number=Sing;_;_;_;@emsh1978f-words#@emsh1978f#189.496#189.971
680;как;как;SCONJ;_;_;_;_;_;@emsh1978f-words#@emsh1978f#189.971#190.446
681;раз;раз;NOUN;_;Animacy=Inan|Case=Acc|Gender=Masc|Number=Sing;_;_;_;@emsh1978f-words#@emsh1978f#190.446#190.921
682;так;так;ADV;_;Degree=Pos;_;_;_;@emsh1978f-words#@emsh1978f#190.921#191.396
683;сказать;сказать;VERB;_;Aspect=Perf|VerbForm=Inf|Voice=Act;_;_;_;@emsh1978f-words#@emsh1978f#191.396#191.871
684;шестидесятилетние;шестидесятилетний;NOUN;_;Animacy=Inan|Case=Acc|Gender=Neut|Number=Sing;_;_;_;@emsh1978f-words#@emsh1978f#191.871#192.346
685;плюс;плюс;ADP;_;_;_;_;_;@emsh1978f-words#@emsh1978f#192.346#192.821
686;они;они;PRON;_;Case=Nom|Number=Plur|Person=3;_;_;_;@emsh1978f-words#@emsh1978f#193.021#193.411
687;вот;вот;PART;_;_;_;_;_;@emsh1978f-words#@emsh1978f#193.411#193.801
688;кто;кто;PRON;_;Case=Nom;_;_;_;@emsh1978f-words#@emsh1978f#193.801#194.191
689;попал;попасть;VERB;_;Aspect=Perf|Gender=Masc|Mood=Ind|Number=Sing|Tense=Past|VerbForm=Fin|Voice=Act;_;_;_;@emsh1978f-words#@emsh1978f#194.191#194.581
690;тот;тот;DET;_;Case=Nom|Gender=Masc|Number=Sing;_;_;_;@emsh1978f-words#@emsh1978f#194.581#194.971
691;уже;уже;ADV;_;Degree=Pos;_;_;_;@emsh1978f-words#@emsh1978f#194.971#195.361
692;и;и;PART;_;_;_;_;_;@emsh1978f-words#@emsh1978f#195.361#195.751
693;сидит;сидеть;VERB;_;Aspect=Imp|Mood=Ind|Number=Sing|Person=3|Tense=Pres|VerbForm=Fin|Voice=Act;_;_;_;@emsh1978f-words#@emsh1978f#195.751#196.147
694;значит;значить;ADV;_;Degree=Pos;_;_;_;@emsh1978f-words#@emsh1978f#196.642#196.998
695;в;в;ADP;_;_;_;_;_;@emsh1978f-words#@emsh1978f#196.998#197.354
696;публичной;публичный;ADJ;_;Case=Loc|Degree=Pos|Gender=Fem|Number=Sing;_;_;_;@emsh1978f-words#@emsh1978f#197.354#197.71
697;сфере;сфера;NOUN;_;Animacy=Inan|Case=Loc|Gender=Fem|Number=Sing;_;_;_;@emsh1978f-words#@emsh1978f#197.71#198.066
698;те;тот;DET;_;Case=Nom|Number=Plur;_;_;_;@emsh1978f-words#@emsh1978f#198.066#198.422
699;люди;человек;NOUN;_;Animacy=Anim|Case=Nom|Gender=Masc|Number=Plur;_;_;_;@emsh1978f-words#@emsh1978f#198.422#198.778
700;которые;который;PRON;_;Case=Acc;_;_;_;@emsh1978f-words#@emsh1978f#198.778#199.134
701;мозолят;мозолить;VERB;_;Aspect=Imp|Mood=Ind|Number=Plur|Person=3|Tense=Pres|VerbForm=Fin|Voice=Act;_;_;_;@emsh1978f-words#@emsh1978f#199.134#199.49
702;глаза;глаз;NOUN;_;Animacy=Inan|Case=Acc|Gender=Masc|Number=Plur;_;_;_;@emsh1978f-words#@emsh1978f#199.49#199.846
703;публике;публика;NOUN;_;Animacy=Inan|Case=Dat|Gender=Fem|Number=Sing;_;_;_;@emsh1978f-words#@emsh1978f#199.846#200.202
704;уже;уже;ADV;_;Degree=Pos;_;_;_;@emsh1978f-words#@emsh1978f#200.202#200.558
705;25;25;NUM;_;_;_;_;_;@emsh1978f-words#@emsh1978f#200.558#200.914
706;лет;год;NOUN;_;Animacy=Inan|Case=Gen|Gender=Masc|Number=Plur;_;_;_;@emsh1978f-words#@emsh1978f#200.914#201.27
707;продолжают;продолжать;VERB;_;Aspect=Imp|Mood=Ind|Number=Plur|Person=3|Tense=Pres|VerbForm=Fin|Voice=Act;_;_;_;@emsh1978f-words#@emsh1978f#201.27#201.626
708;мозолить;мозолить;VERB;_;Aspect=Imp|VerbForm=Inf|Voice=Act;_;_;_;@emsh1978f-words#@emsh1978f#201.626#201.982
709;значит;значит;ADV;_;Degree=Pos;_;_;_;@emsh1978f-words#@emsh1978f#201.982#202.338
710;и;и;CCONJ;_;_;_;_;_;@emsh1978f-words#@emsh1978f#202.338#202.694
711;их;они;PRON;_;Case=Acc|Number=Plur|Person=3;_;_;_;@emsh1978f-words#@emsh1978f#202.694#203.05
712;пока;пока;ADV;_;Degree=Pos;_;_;_;@emsh1978f-words#@emsh1978f#203.05#203.406
713;смерть;смерть;NOUN;_;Animacy=Inan|Case=Nom|Gender=Fem|Number=Sing;_;_;_;@emsh1978f-words#@emsh1978f#203.406#203.762
714;их;они;PRON;_;Case=Gen|Number=Plur|Person=3;_;_;_;@emsh1978f-words#@emsh1978f#203.762#204.118
715;не;не;PART;_;_;_;_;_;@emsh1978f-words#@emsh1978f#204.118#204.474
716;разлучит;разлучить;VERB;_;Aspect=Imp|Mood=Ind|Number=Sing|Person=3|Tense=Pres|VerbForm=Fin|Voice=Act;_;_;_;@emsh1978f-words#@emsh1978f#204.474#204.831
717;в;в;ADP;_;_;_;_;_;@emsh1978f-words#@emsh1978f#205.347#205.582
718;этом;этот;DET;_;Case=Loc|Gender=Masc|Number=Sing;_;_;_;@emsh1978f-words#@emsh1978f#205.582#205.817
719;смысле;смысл;NOUN;_;Animacy=Inan|Case=Loc|Gender=Masc|Number=Sing;_;_;_;@emsh1978f-words#@emsh1978f#205.817#206.052
720;у;у;ADP;_;_;_;_;_;@emsh1978f-words#@emsh1978f#206.052#206.287
721;нас;мы;PRON;_;Case=Gen|Number=Plur|Person=1;_;_;_;@emsh1978f-words#@emsh1978f#206.287#206.522
722;не;не;PART;_;_;_;_;_;@emsh1978f-words#@emsh1978f#206.522#206.757
723;в;в;ADP;_;_;_;_;_;@emsh1978f-words#@emsh1978f#206.757#206.992
724;том;то;PRON;_;Animacy=Inan|Case=Loc|Gender=Neut|Number=Sing;_;_;_;@emsh1978f-words#@emsh1978f#206.992#207.227
725;проблема;проблема;NOUN;_;Animacy=Inan|Case=Nom|Gender=Fem|Number=Sing;_;_;_;@emsh1978f-words#@emsh1978f#207.227#207.462
726;што;что;SCONJ;_;_;_;_;_;@emsh1978f-words#@emsh1978f#207.462#207.697
727;у;у;ADP;_;_;_;_;_;@emsh1978f-words#@emsh1978f#207.697#207.932
728;нас;мы;PRON;_;Case=Gen|Number=Plur|Person=1;_;_;_;@emsh1978f-words#@emsh1978f#207.932#208.167
729;какие-то;какой-то;DET;_;Case=Nom|Number=Plur;_;_;_;@emsh1978f-words#@emsh1978f#208.167#208.402
730;старцы;старец;NOUN;_;Animacy=Anim|Case=Nom|Gender=Masc|Number=Plur;_;_;_;@emsh1978f-words#@emsh1978f#208.402#208.637
731;окопались;окопаться;VERB;_;Aspect=Imp|Mood=Ind|Number=Plur|Tense=Past|VerbForm=Fin|Voice=Mid;_;_;_;@emsh1978f-words#@emsh1978f#208.637#208.872
732;у;у;ADP;_;_;_;_;_;@emsh1978f-words#@emsh1978f#208.872#209.107
733;нас;мы;PRON;_;Case=Gen|Number=Plur|Person=1;_;_;_;@emsh1978f-words#@emsh1978f#209.107#209.342
734;проблема;проблема;NOUN;_;Animacy=Inan|Case=Nom|Gender=Fem|Number=Sing;_;_;_;@emsh1978f-words#@emsh1978f#209.342#209.577
735;в;в;ADP;_;_;_;_;_;@emsh1978f-words#@emsh1978f#209.577#209.812
736;том;тот;PRON;_;Animacy=Inan|Case=Loc|Gender=Neut|Number=Sing;_;_;_;@emsh1978f-words#@emsh1978f#209.812#210.047
737;што;что;SCONJ;_;_;_;_;_;@emsh1978f-words#@emsh1978f#210.047#210.282
738;у;у;ADP;_;_;_;_;_;@emsh1978f-words#@emsh1978f#210.282#210.517
739;нас;мы;PRON;_;Case=Gen|Number=Plur|Person=1;_;_;_;@emsh1978f-words#@emsh1978f#210.517#210.752
740;вообще;вообще;ADV;_;Degree=Pos;_;_;_;@emsh1978f-words#@emsh1978f#210.752#210.987
741;страшно;страшно;ADV;_;Degree=Pos;_;_;_;@emsh1978f-words#@emsh1978f#210.987#211.222
742;низкоконкурентная;низкоконкурентный;ADJ;_;Case=Nom|Degree=Pos|Gender=Fem|Number=Sing;_;_;_;@emsh1978f-words#@emsh1978f#211.222#211.457
743;среда;среда;NOUN;_;Animacy=Inan|Case=Nom|Gender=Fem|Number=Sing;_;_;_;@emsh1978f-words#@emsh1978f#211.457#211.715
744;и;и;CCONJ;_;_;_;_;_;@emsh1978f-words#@emsh1978f#212.221#212.389
745;это;это;PRON;_;Animacy=Inan|Case=Nom|Gender=Neut|Number=Sing;_;_;_;@emsh1978f-words#@emsh1978f#212.389#212.557
746;везде;везде;ADV;_;Degree=Pos;_;_;_;@emsh1978f-words#@emsh1978f#212.557#212.726
747;мы;мы;PRON;_;Case=Nom|Number=Plur|Person=1;_;_;_;@emsh1978f-words#@emsh1978f#213.41#213.711
748;себя;себя;PRON;_;Case=Acc;_;_;_;@emsh1978f-words#@emsh1978f#213.711#214.012
749;воспринимаем;воспринимать;VERB;_;Aspect=Imp|Mood=Ind|Number=Plur|Person=1|Tense=Pres|VerbForm=Fin|Voice=Act;_;_;_;@emsh1978f-words#@emsh1978f#214.012#214.313
750;как;как;SCONJ;_;_;_;_;_;@emsh1978f-words#@emsh1978f#214.313#214.614
751;такой;такой;DET;_;Case=Nom|Gender=Masc|Number=Sing;_;_;_;@emsh1978f-words#@emsh1978f#214.614#214.915
752;социум;социум;NOUN;_;Animacy=Inan|Case=Nom|Gender=Masc|Number=Sing;_;_;_;@emsh1978f-words#@emsh1978f#214.915#215.216
753;как;как;SCONJ;_;_;_;_;_;@emsh1978f-words#@emsh1978f#215.216#215.517
754;такой;такой;DET;_;Case=Nom|Gender=Masc|Number=Sing;_;_;_;@emsh1978f-words#@emsh1978f#215.517#215.818
755;социум;социум;NOUN;_;Animacy=Inan|Case=Nom|Gender=Masc|Number=Sing;_;_;_;@emsh1978f-words#@emsh1978f#215.818#216.119
756;понимаете;понимать;VERB;_;Aspect=Imp|Mood=Ind|Number=Plur|Person=2|Tense=Pres|VerbForm=Fin|Voice=Act;_;_;_;@emsh1978f-words#@emsh1978f#216.119#216.42
757;ли;ли;PART;_;_;_;_;_;@emsh1978f-words#@emsh1978f#216.42#216.721
758;полной;полный;ADJ;_;Case=Gen|Degree=Pos|Gender=Fem|Number=Sing;_;_;_;@emsh1978f-words#@emsh1978f#216.721#217.022
759;нестабильности;нестабильность;NOUN;_;Animacy=Inan|Case=Gen|Gender=Fem|Number=Sing;_;_;_;@emsh1978f-words#@emsh1978f#217.022#217.326
760;в;в;ADP;_;_;_;_;_;@emsh1978f-words#@emsh1978f#217.631#217.908
761;котором;который;PRON;_;Case=Loc;_;_;_;@emsh1978f-words#@emsh1978f#217.908#218.185
762;всё;все;PRON;_;Animacy=Inan|Case=Nom|Gender=Neut|Number=Sing;_;_;_;@emsh1978f-words#@emsh1978f#218.185#218.462
763;так;так;ADV;_;Degree=Pos;_;_;_;@emsh1978f-words#@emsh1978f#218.462#218.739
764;быстро;быстро;ADV;_;Degree=Pos;_;_;_;@emsh1978f-words#@emsh1978f#218.739#219.016
765;меняется;меняться;VERB;_;Aspect=Imp|Mood=Ind|Number=Sing|Person=3|Tense=Pres|VerbForm=Fin|Voice=Mid;_;_;_;@emsh1978f-words#@emsh1978f#219.016#219.293
766;всё;все;PRON;_;Animacy=Inan|Case=Nom|Gender=Neut|Number=Sing;_;_;_;@emsh1978f-words#@emsh1978f#219.293#219.57
767;такое;такой;DET;_;Case=Nom|Gender=Neut|Number=Sing;_;_;_;@emsh1978f-words#@emsh1978f#219.57#219.847
768;внезапное;внезапный;ADJ;_;Case=Nom|Degree=Pos|Gender=Neut|Number=Sing;_;_;_;@emsh1978f-words#@emsh1978f#219.847#220.126
769;а;о;CCONJ;_;_;_;_;_;@emsh1978f-words#@emsh1978f#222.547#222.913
770;на;на;ADP;_;_;_;_;_;@emsh1978f-words#@emsh1978f#222.913#223.279
771;самом;самый;ADJ;_;Case=Loc|Degree=Pos|Gender=Neut|Number=Sing;_;_;_;@emsh1978f-words#@emsh1978f#223.279#223.645
772;деле;дело;NOUN;_;Animacy=Inan|Case=Loc|Gender=Neut|Number=Sing;_;_;_;@emsh1978f-words#@emsh1978f#223.645#224.011
773;у;у;ADP;_;_;_;_;_;@emsh1978f-words#@emsh1978f#224.011#224.377
774;нас;мы;PRON;_;Case=Gen|Number=Plur|Person=1;_;_;_;@emsh1978f-words#@emsh1978f#224.377#224.743
775;действительно;действительно;ADV;_;Degree=Pos;_;_;_;@emsh1978f-words#@emsh1978f#224.743#225.115
776;кто;кто;PRON;_;Case=Nom;_;_;_;@emsh1978f-words#@emsh1978f#225.115#225.341
777;попал;попасть;VERB;_;Aspect=Perf|Gender=Masc|Mood=Ind|Number=Sing|Tense=Past|VerbForm=Fin|Voice=Act;_;_;_;@emsh1978f-words#@emsh1978f#225.341#225.567
778;тот;тот;DET;_;Case=Nom|Gender=Masc|Number=Sing;_;_;_;@emsh1978f-words#@emsh1978f#225.567#225.793
779;на;на;ADP;_;_;_;_;_;@emsh1978f-words#@emsh1978f#225.793#226.019
780;этом;этот;DET;_;Case=Loc|Gender=Neut|Number=Sing;_;_;_;@emsh1978f-words#@emsh1978f#226.019#226.245
781;месте;место;NOUN;_;Animacy=Inan|Case=Loc|Gender=Neut|Number=Sing;_;_;_;@emsh1978f-words#@emsh1978f#226.245#226.471
782;и;и;CCONJ;_;_;_;_;_;@emsh1978f-words#@emsh1978f#226.471#226.697
783;сидит;сидеть;VERB;_;Aspect=Imp|Mood=Ind|Number=Sing|Person=3|Tense=Pres|VerbForm=Fin|Voice=Act;_;_;_;@emsh1978f-words#@emsh1978f#226.697#226.923
784;как;как;SCONJ;_;_;_;_;_;@emsh1978f-words#@emsh1978f#226.923#227.149
785;у;у;ADP;_;_;_;_;_;@emsh1978f-words#@emsh1978f#227.149#227.375
786;Гоголя;Гоголь;PROPN;_;Animacy=Anim|Case=Gen|Gender=Masc|Number=Sing;_;_;_;@emsh1978f-words#@emsh1978f#227.375#227.601
787;скорее;скорее;ADV;_;Degree=Pos;_;_;_;@emsh1978f-words#@emsh1978f#227.601#227.827
788;место;место;NOUN;_;Animacy=Inan|Case=Nom|Gender=Neut|Number=Sing;_;_;_;@emsh1978f-words#@emsh1978f#227.827#228.053
789;затрещит;затрещить;VERB;_;Aspect=Imp|Mood=Ind|Number=Sing|Person=3|Tense=Fut|VerbForm=Fin|Voice=Act;_;_;_;@emsh1978f-words#@emsh1978f#228.053#228.279
790;и;и;CCONJ;_;_;_;_;_;@emsh1978f-words#@emsh1978f#228.279#228.505
791;прогнётся;прогнуться;VERB;_;Aspect=Imp|Mood=Ind|Number=Sing|Person=3|Tense=Fut|VerbForm=Fin|Voice=Mid;_;_;_;@emsh1978f-words#@emsh1978f#228.505#228.731
792;под;под;ADP;_;_;_;_;_;@emsh1978f-words#@emsh1978f#228.731#228.957
793;ним;он;PRON;_;Case=Ins|Gender=Masc|Number=Sing|Person=3;_;_;_;@emsh1978f-words#@emsh1978f#228.957#229.183
794;чем;чем;SCONJ;_;_;_;_;_;@emsh1978f-words#@emsh1978f#229.183#229.409
795;он;он;PRON;_;Case=Nom|Gender=Masc|Number=Sing|Person=3;_;_;_;@emsh1978f-words#@emsh1978f#229.409#229.635
796;с;с;ADP;_;_;_;_;_;@emsh1978f-words#@emsh1978f#229.635#229.861
797;него;он;PRON;_;Case=Gen|Gender=Masc|Number=Sing|Person=3;_;_;_;@emsh1978f-words#@emsh1978f#229.861#230.087
798;слезет;лезть;VERB;_;Aspect=Imp|Mood=Ind|Number=Sing|Person=3|Tense=Pres|VerbForm=Fin|Voice=Act;_;_;_;@emsh1978f-words#@emsh1978f#230.087#230.315
799;в;в;ADP;_;_;_;_;_;@emsh1978f-words#@emsh1978f#230.526#230.723
800;этом;это;PRON;_;Animacy=Inan|Case=Loc|Gender=Neut|Number=Sing;_;_;_;@emsh1978f-words#@emsh1978f#230.723#230.92
801;у;у;ADP;_;_;_;_;_;@emsh1978f-words#@emsh1978f#230.92#231.117
802;нас;мы;PRON;_;Case=Gen|Number=Plur|Person=1;_;_;_;@emsh1978f-words#@emsh1978f#231.117#231.314
803;с;с;ADP;_;_;_;_;_;@emsh1978f-words#@emsh1978f#231.314#231.511
804;вами;вы;PRON;_;Case=Ins|Number=Plur|Person=2;_;_;_;@emsh1978f-words#@emsh1978f#231.511#231.708
805;проблема;проблема;NOUN;_;Animacy=Inan|Case=Nom|Gender=Fem|Number=Sing;_;_;_;@emsh1978f-words#@emsh1978f#231.708#231.905
806;ну;ну;PART;_;_;_;_;_;@emsh1978f-words#@emsh1978f#239.378#239.62
807;это;это;PRON;_;Animacy=Inan|Case=Nom|Gender=Neut|Number=Sing;_;_;_;@emsh1978f-words#@emsh1978f#239.62#239.862
808;не;не;PART;_;_;_;_;_;@emsh1978f-words#@emsh1978f#239.862#240.104
809;сознательная;сознательный;ADJ;_;Case=Nom|Degree=Pos|Gender=Fem|Number=Sing;_;_;_;@emsh1978f-words#@emsh1978f#240.104#240.346
810;политика;политика;NOUN;_;Animacy=Inan|Case=Nom|Gender=Fem|Number=Sing;_;_;_;@emsh1978f-words#@emsh1978f#240.346#240.588
811;это;этот;PRON;_;Animacy=Inan|Case=Nom|Gender=Neut|Number=Sing;_;_;_;@emsh1978f-words#@emsh1978f#240.588#240.83
812;инстинкт;инстинкт;NOUN;_;Animacy=Inan|Case=Nom|Gender=Masc|Number=Sing;_;_;_;@emsh1978f-words#@emsh1978f#240.83#241.072
813;самосохранения;самосохранение;NOUN;_;Animacy=Inan|Case=Gen|Gender=Neut|Number=Sing;_;_;_;@emsh1978f-words#@emsh1978f#241.072#241.314
814;на;на;ADP;_;_;_;_;_;@emsh1978f-words#@emsh1978f#241.314#241.556
815;политику;политика;NOUN;_;Animacy=Inan|Case=Acc|Gender=Fem|Number=Sing;_;_;_;@emsh1978f-words#@emsh1978f#241.556#241.798
816;это;это;PRON;_;Animacy=Inan|Case=Nom|Gender=Neut|Number=Sing;_;_;_;@emsh1978f-words#@emsh1978f#241.798#242.04
817;не;не;PART;_;_;_;_;_;@emsh1978f-words#@emsh1978f#242.04#242.282
818;тянет;тянуть;VERB;_;Aspect=Imp|Mood=Ind|Number=Sing|Person=3|Tense=Pres|VerbForm=Fin|Voice=Act;_;_;_;@emsh1978f-words#@emsh1978f#242.282#242.536
819;ещё;еще;ADV;_;Degree=Pos;_;_;_;@emsh1978f-words#@emsh1978f#243.052#243.283
820;раз;раз;NOUN;_;Animacy=Inan|Case=Acc|Gender=Masc|Number=Sing;_;_;_;@emsh1978f-words#@emsh1978f#243.283#243.514
821;вам;вы;PRON;_;Case=Dat|Number=Plur|Person=2;_;_;_;@emsh1978f-words#@emsh1978f#243.514#243.745
822;скажу;сказать;VERB;_;Aspect=Perf|Mood=Ind|Number=Sing|Person=1|Tense=Fut|VerbForm=Fin|Voice=Act;_;_;_;@emsh1978f-words#@emsh1978f#243.745#243.976
823;если;если;SCONJ;_;_;_;_;_;@emsh1978f-words#@emsh1978f#243.976#244.207
824;вы;вы;PRON;_;Case=Nom|Number=Plur|Person=2;_;_;_;@emsh1978f-words#@emsh1978f#244.207#244.438
825;спросите;спросить;VERB;_;Aspect=Perf|Mood=Ind|Number=Plur|Person=2|Tense=Fut|VerbForm=Fin|Voice=Act;_;_;_;@emsh1978f-words#@emsh1978f#244.438#244.669
826;какова;каков;ADJ;_;Degree=Pos|Gender=Fem|Number=Sing|Variant=Short;_;_;_;@emsh1978f-words#@emsh1978f#244.669#244.9
827;их;их;DET;_;_;_;_;_;@emsh1978f-words#@emsh1978f#244.9#245.131
828;сознательная;сознательный;ADJ;_;Case=Nom|Degree=Pos|Gender=Fem|Number=Sing;_;_;_;@emsh1978f-words#@emsh1978f#245.131#245.362
829;политика;политика;NOUN;_;Animacy=Inan|Case=Nom|Gender=Fem|Number=Sing;_;_;_;@emsh1978f-words#@emsh1978f#245.362#245.593
830;они;они;PRON;_;Case=Nom|Number=Plur|Person=3;_;_;_;@emsh1978f-words#@emsh1978f#245.593#245.824
831;вам;вы;PRON;_;Case=Dat|Number=Plur|Person=2;_;_;_;@emsh1978f-words#@emsh1978f#245.824#246.055
832;скажут;сказать;VERB;_;Aspect=Perf|Mood=Ind|Number=Plur|Person=3|Tense=Fut|VerbForm=Fin|Voice=Act;_;_;_;@emsh1978f-words#@emsh1978f#246.055#246.286
833;што;что;SCONJ;_;_;_;_;_;@emsh1978f-words#@emsh1978f#246.286#246.517
834;мы;мы;PRON;_;Case=Nom|Number=Plur|Person=1;_;_;_;@emsh1978f-words#@emsh1978f#246.517#246.748
835;выращиваем;выращивать;VERB;_;Aspect=Imp|Mood=Ind|Number=Plur|Person=1|Tense=Pres|VerbForm=Fin|Voice=Act;_;_;_;@emsh1978f-words#@emsh1978f#246.748#246.989
836;следующее;следующий;ADJ;_;Case=Acc|Degree=Pos|Gender=Neut|Number=Sing;_;_;_;@emsh1978f-words#@emsh1978f#247.41#247.736
837;поколение;поколение;NOUN;_;Animacy=Inan|Case=Acc|Gender=Neut|Number=Sing;_;_;_;@emsh1978f-words#@emsh1978f#247.736#248.062
838;тех;тот;DET;_;Case=Gen|Number=Plur;_;_;_;@emsh1978f-words#@emsh1978f#248.062#248.389
839;которые;который;PRON;_;Case=Acc;_;_;_;@emsh1978f-words#@emsh1978f#248.41#248.761
840;примут;принять;VERB;_;Aspect=Perf|Mood=Ind|Number=Plur|Person=3|Tense=Fut|VerbForm=Fin|Voice=Act;_;_;_;@emsh1978f-words#@emsh1978f#248.761#249.112
841;после;после;ADP;_;_;_;_;_;@emsh1978f-words#@emsh1978f#249.112#249.463
842;нас;мы;PRON;_;Case=Gen|Number=Plur|Person=1;_;_;_;@emsh1978f-words#@emsh1978f#249.463#249.814
843;эти;этот;DET;_;Case=Nom|Number=Plur;_;_;_;@emsh1978f-words#@emsh1978f#249.814#250.165
844;самые;самый;ADJ;_;Case=Nom|Degree=Pos|Number=Plur;_;_;_;@emsh1978f-words#@emsh1978f#250.165#250.516
845;брозды;брозда;NOUN;_;Animacy=Inan|Case=Nom|Gender=Fem|Number=Plur;_;_;_;@emsh1978f-words#@emsh1978f#250.516#250.873
846;и;и;CCONJ;_;_;_;_;_;@emsh1978f-words#@emsh1978f#250.873#251.073
847;при;при;ADP;_;_;_;_;_;@emsh1978f-words#@emsh1978f#251.073#251.273
848;этом;это;PRON;_;Animacy=Inan|Case=Loc|Gender=Neut|Number=Sing;_;_;_;@emsh1978f-words#@emsh1978f#251.273#251.473
849;будут;быть;AUX;_;Aspect=Imp|Mood=Ind|Number=Plur|Person=3|Tense=Pres|VerbForm=Fin|Voice=Act;_;_;_;@emsh1978f-words#@emsh1978f#251.473#251.673
850;разделять;разделять;VERB;_;Aspect=Imp|VerbForm=Inf|Voice=Act;_;_;_;@emsh1978f-words#@emsh1978f#251.673#251.873
851;наши;наш;DET;_;Case=Acc|Number=Plur;_;_;_;@emsh1978f-words#@emsh1978f#251.873#252.073
852;ценности;ценность;NOUN;_;Animacy=Inan|Case=Acc|Gender=Fem|Number=Plur;_;_;_;@emsh1978f-words#@emsh1978f#252.073#252.273
853;и;и;CCONJ;_;_;_;_;_;@emsh1978f-words#@emsh1978f#252.273#252.473
854;идеалы;идеал;NOUN;_;Animacy=Inan|Case=Acc|Gender=Masc|Number=Plur;_;_;_;@emsh1978f-words#@emsh1978f#252.473#252.673
855;и;и;CCONJ;_;_;_;_;_;@emsh1978f-words#@emsh1978f#252.673#252.873
856;продолжать;продолжать;VERB;_;Aspect=Imp|VerbForm=Inf|Voice=Act;_;_;_;@emsh1978f-words#@emsh1978f#252.873#253.073
857;наше;наш;DET;_;Case=Acc|Gender=Neut|Number=Sing;_;_;_;@emsh1978f-words#@emsh1978f#253.073#253.273
858;дело;дело;NOUN;_;Animacy=Inan|Case=Acc|Gender=Neut|Number=Sing;_;_;_;@emsh1978f-words#@emsh1978f#253.273#253.473
859;и;и;CCONJ;_;_;_;_;_;@emsh1978f-words#@emsh1978f#253.473#253.673
860;прочее;прочий;ADJ;_;Case=Acc|Degree=Pos|Gender=Neut|Number=Sing;_;_;_;@emsh1978f-words#@emsh1978f#253.673#253.873
861;прочее;прочий;ADJ;_;Case=Acc|Degree=Pos|Gender=Neut|Number=Sing;_;_;_;@emsh1978f-words#@emsh1978f#253.873#254.084
862;да;да;CCONJ;_;_;_;_;_;@emsh1978f-words#@emsh1978f#258.452#258.652
863;потому;потому;ADV;_;Degree=Pos;_;_;_;@emsh1978f-words#@emsh1978f#258.652#258.852
864;што;что;SCONJ;_;_;_;_;_;@emsh1978f-words#@emsh1978f#258.852#259.052
865;её;она;PRON;_;Case=Acc|Gender=Fem|Number=Sing|Person=3;_;_;_;@emsh1978f-words#@emsh1978f#259.052#259.252
866;нельзя;нельзя;ADV;_;Degree=Pos;_;_;_;@emsh1978f-words#@emsh1978f#259.252#259.452
867;взрастить;взрастить;VERB;_;Aspect=Perf|VerbForm=Inf|Voice=Act;_;_;_;@emsh1978f-words#@emsh1978f#259.452#259.652
868;и;и;CCONJ;_;_;_;_;_;@emsh1978f-words#@emsh1978f#259.747#259.963
869;не;не;PART;_;_;_;_;_;@emsh1978f-words#@emsh1978f#259.963#260.179
870;надо;надо;ADV;_;Degree=Pos;_;_;_;@emsh1978f-words#@emsh1978f#260.179#260.395
871;её;она;PRON;_;Case=Gen|Gender=Fem|Number=Sing|Person=3;_;_;_;@emsh1978f-words#@emsh1978f#260.395#260.611
872;взращивать;взращивать;VERB;_;Aspect=Imp|VerbForm=Inf|Voice=Act;_;_;_;@emsh1978f-words#@emsh1978f#260.611#260.831
873;для;для;ADP;_;_;_;_;_;@emsh1978f-words#@emsh1978f#260.831#261.087
874;этого;это;PRON;_;Animacy=Inan|Case=Gen|Gender=Neut|Number=Sing;_;_;_;@emsh1978f-words#@emsh1978f#261.087#261.343
875;надо;надо;ADV;_;Degree=Pos;_;_;_;@emsh1978f-words#@emsh1978f#261.343#261.599
876;собственно;собственно;ADV;_;Degree=Pos;_;_;_;@emsh1978f-words#@emsh1978f#261.599#261.855
877;говоря;говоря;VERB;_;Aspect=Imp|Tense=Pres|VerbForm=Conv|Voice=Act;_;_;_;@emsh1978f-words#@emsh1978f#261.855#262.115
878;...;...;PUNCT;_;_;_;_;_;@emsh1978f-words#@emsh1978f#261.855#262.115
879;для;для;ADP;_;_;_;_;_;@emsh1978f-words#@emsh1978f#262.863#263.314
880;этого;это;PRON;_;Animacy=Inan|Case=Gen|Gender=Neut|Number=Sing;_;_;_;@emsh1978f-words#@emsh1978f#263.314#263.765
881;надо;надо;ADV;_;Degree=Pos;_;_;_;@emsh1978f-words#@emsh1978f#263.765#264.216
882;собственно;собственно;ADV;_;Degree=Pos;_;_;_;@emsh1978f-words#@emsh1978f#264.216#264.667
883;ос...;освободить;VERB;_;Aspect=Perf|VerbForm=Inf|Voice=Act;_;_;_;@emsh1978f-words#@emsh1978f#264.667#265.118
884;освободить;освободить;VERB;_;Aspect=Perf|VerbForm=Inf|Voice=Act;_;_;_;@emsh1978f-words#@emsh1978f#265.118#265.569
885;политическое;политический;ADJ;_;Case=Acc|Degree=Pos|Gender=Neut|Number=Sing;_;_;_;@emsh1978f-words#@emsh1978f#265.569#266.02
886;пространство;пространство;NOUN;_;Animacy=Inan|Case=Acc|Gender=Neut|Number=Sing;_;_;_;@emsh1978f-words#@emsh1978f#266.02#266.471
887;от;от;ADP;_;_;_;_;_;@emsh1978f-words#@emsh1978f#266.471#266.922
888;администартивных;администартивный;ADJ;_;Case=Gen|Degree=Pos|Number=Plur;_;_;_;@emsh1978f-words#@emsh1978f#266.922#267.373
889;и;и;CCONJ;_;_;_;_;_;@emsh1978f-words#@emsh1978f#267.373#267.824
890;полицейских;полицейский;ADJ;_;Case=Gen|Degree=Pos|Number=Plur;_;_;_;@emsh1978f-words#@emsh1978f#267.824#268.275
891;ограничений;ограничение;NOUN;_;Animacy=Inan|Case=Gen|Gender=Neut|Number=Plur;_;_;_;@emsh1978f-words#@emsh1978f#268.275#268.736
892;после;после;ADP;_;_;_;_;_;@emsh1978f-words#@emsh1978f#269.147#269.425
893;этого;это;PRON;_;Animacy=Inan|Case=Gen|Gender=Neut|Number=Sing;_;_;_;@emsh1978f-words#@emsh1978f#269.425#269.703
894;ваша;ваш;DET;_;Case=Nom|Gender=Fem|Number=Sing;_;_;_;@emsh1978f-words#@emsh1978f#269.703#269.981
895;смена;смена;NOUN;_;Animacy=Inan|Case=Nom|Gender=Fem|Number=Sing;_;_;_;@emsh1978f-words#@emsh1978f#269.981#270.259
896;и;и;CCONJ;_;_;_;_;_;@emsh1978f-words#@emsh1978f#270.259#270.537
897;замена;замена;NOUN;_;Animacy=Inan|Case=Nom|Gender=Fem|Number=Sing;_;_;_;@emsh1978f-words#@emsh1978f#270.537#270.815
898;вырастет;вырасти;VERB;_;Aspect=Perf|Mood=Ind|Number=Sing|Person=3|Tense=Fut|VerbForm=Fin|Voice=Act;_;_;_;@emsh1978f-words#@emsh1978f#270.815#271.093
899;сама;сам;ADJ;_;Case=Nom|Degree=Pos|Gender=Fem|Number=Sing;_;_;_;@emsh1978f-words#@emsh1978f#271.093#271.371
900;собой;себя;PRON;_;Case=Ins;_;_;_;@emsh1978f-words#@emsh1978f#271.371#271.652
901;тут;тут;ADV;_;Degree=Pos;_;_;_;@emsh1978f-words#@emsh1978f#271.684#271.957
902;не;не;PART;_;_;_;_;_;@emsh1978f-words#@emsh1978f#271.957#272.23
903;надо;надо;ADV;_;Degree=Pos;_;_;_;@emsh1978f-words#@emsh1978f#272.23#272.503
904;никого;никто;PRON;_;Case=Gen;_;_;_;@emsh1978f-words#@emsh1978f#272.503#272.776
905;выращивать;выращивать;VERB;_;Aspect=Imp|VerbForm=Inf|Voice=Act;_;_;_;@emsh1978f-words#@emsh1978f#272.776#273.052
906;но;но;CCONJ;_;_;_;_;_;@emsh1978f-words#@emsh1978f#273.052#273.357
907;это;это;PRON;_;Animacy=Inan|Case=Acc|Gender=Neut|Number=Sing;_;_;_;@emsh1978f-words#@emsh1978f#273.357#273.662
908;же;же;PART;_;_;_;_;_;@emsh1978f-words#@emsh1978f#273.662#273.967
909;понимаете;понимать;VERB;_;Aspect=Imp|Mood=Ind|Number=Plur|Person=2|Tense=Pres|VerbForm=Fin|Voice=Act;_;_;_;@emsh1978f-words#@emsh1978f#273.967#274.272
910;ли;ли;PART;_;_;_;_;_;@emsh1978f-words#@emsh1978f#274.272#274.577
911;невозможно;невозможный;ADJ;_;Degree=Pos|Gender=Neut|Number=Sing|Variant=Short;_;_;_;@emsh1978f-words#@emsh1978f#274.577#274.884
912;потому;потому;ADV;_;Degree=Pos;_;_;_;@emsh1978f-words#@emsh1978f#274.884#275.297
913;что;что;SCONJ;_;_;_;_;_;@emsh1978f-words#@emsh1978f#275.297#275.71
914;у;у;ADP;_;_;_;_;_;@emsh1978f-words#@emsh1978f#275.71#276.123
915;нас;мы;PRON;_;Case=Gen|Number=Plur|Person=1;_;_;_;@emsh1978f-words#@emsh1978f#276.123#276.536
916;как;как;SCONJ;_;_;_;_;_;@emsh1978f-words#@emsh1978f#276.536#276.731
917;это;это;PRON;_;Animacy=Inan|Case=Nom|Gender=Neut|Number=Sing;_;_;_;@emsh1978f-words#@emsh1978f#276.731#276.926
918;ценности;ценность;NOUN;_;Animacy=Inan|Case=Nom|Gender=Fem|Number=Plur;_;_;_;@emsh1978f-words#@emsh1978f#276.936#277.379
919;безопасности;безопасность;NOUN;_;Animacy=Inan|Case=Gen|Gender=Fem|Number=Sing;_;_;_;@emsh1978f-words#@emsh1978f#277.379#277.822
920;и;и;CCONJ;_;_;_;_;_;@emsh1978f-words#@emsh1978f#277.822#278.265
921;сохранения;сохранение;NOUN;_;Animacy=Inan|Case=Gen|Gender=Neut|Number=Sing;_;_;_;@emsh1978f-words#@emsh1978f#278.265#278.708
922;по;по;ADP;_;_;_;_;_;@emsh1978f-words#@emsh1978f#278.708#279.151
923;Ингл-Харту;Ингл-Харта;PROPN;_;Animacy=Inan|Case=Dat|Gender=Masc|Number=Sing;_;_;_;@emsh1978f-words#@emsh1978f#279.151#279.594
924;превалируют;превалировать;VERB;_;Aspect=Imp|Mood=Ind|Number=Plur|Person=3|Tense=Pres|VerbForm=Fin|Voice=Act;_;_;_;@emsh1978f-words#@emsh1978f#279.594#280.037
925;над;над;ADP;_;_;_;_;_;@emsh1978f-words#@emsh1978f#280.037#280.48
926;ценностями;ценность;NOUN;_;Animacy=Inan|Case=Ins|Gender=Fem|Number=Plur;_;_;_;@emsh1978f-words#@emsh1978f#280.48#280.923
927;самовыражения;самовыражение;NOUN;_;Animacy=Inan|Case=Gen|Gender=Neut|Number=Sing;_;_;_;@emsh1978f-words#@emsh1978f#280.923#281.366
928;и;и;CCONJ;_;_;_;_;_;@emsh1978f-words#@emsh1978f#281.366#281.809
929;прогресса;прогресс;NOUN;_;Animacy=Inan|Case=Gen|Gender=Masc|Number=Sing;_;_;_;@emsh1978f-words#@emsh1978f#281.809#282.252
930;нет;нет;PRED;_;_;_;_;_;@emsh1978f-words#@emsh1978f#298.378#298.636
931;эффекта;эффект;NOUN;_;Animacy=Inan|Case=Gen|Gender=Masc|Number=Sing;_;_;_;@emsh1978f-words#@emsh1978f#298.636#298.894
932;разорвавшейся;разорваться;VERB;_;Aspect=Perf|Case=Gen|Gender=Fem|Number=Sing|Tense=Past|VerbForm=Part|Voice=Mid;_;_;_;@emsh1978f-words#@emsh1978f#298.894#299.152
933;бомбы;бомба;NOUN;_;Animacy=Inan|Case=Gen|Gender=Fem|Number=Sing;_;_;_;@emsh1978f-words#@emsh1978f#299.152#299.41
934;не;не;PART;_;_;_;_;_;@emsh1978f-words#@emsh1978f#299.41#299.668
935;будет;быть;AUX;_;Aspect=Imp|Mood=Ind|Number=Sing|Person=3|Tense=Pres|VerbForm=Fin|Voice=Act;_;_;_;@emsh1978f-words#@emsh1978f#299.668#299.926
936;всё;весь;DET;_;Case=Nom|Gender=Neut|Number=Sing;_;_;_;@emsh1978f-words#@emsh1978f#300.326#300.607
937;што;что;SCONJ;_;_;_;_;_;@emsh1978f-words#@emsh1978f#300.607#300.888
938;касается;касаться;VERB;_;Aspect=Imp|Mood=Ind|Number=Sing|Person=3|Tense=Pres|VerbForm=Fin|Voice=Mid;_;_;_;@emsh1978f-words#@emsh1978f#300.888#301.169
939;того;то;PRON;_;Animacy=Inan|Case=Gen|Gender=Neut|Number=Sing;_;_;_;@emsh1978f-words#@emsh1978f#301.169#301.45
940;надо;надо;ADV;_;Degree=Pos;_;_;_;@emsh1978f-words#@emsh1978f#301.45#301.731
941;ли;ли;PART;_;_;_;_;_;@emsh1978f-words#@emsh1978f#301.731#302.012
942;проводить;проводить;VERB;_;Aspect=Imp|VerbForm=Inf|Voice=Act;_;_;_;@emsh1978f-words#@emsh1978f#302.012#302.293
943;либерализацию;либерализация;NOUN;_;Animacy=Inan|Case=Acc|Gender=Fem|Number=Sing;_;_;_;@emsh1978f-words#@emsh1978f#302.293#302.574
944;конечно;конечно;ADV;_;Degree=Pos;_;_;_;@emsh1978f-words#@emsh1978f#302.574#302.855
945;надо;надо;ADV;_;Degree=Pos;_;_;_;@emsh1978f-words#@emsh1978f#302.855#303.136 
